customer_id,name,loyalty_tier,order_frequency,avg_order_value,total_spent,days_since_last_order,estimated_clv,customer_status
1,Donald Walker,Bronze,1,96.62,96.62,7.6032051388174295,1159.44,Active
5,Joseph Obrien,Bronze,0,0.0,0.0,,0.0,Never Ordered
6,John Ryan,Bronze,2,108.33500000000001,216.67000000000002,33.61023265030235,2600.04,At Risk
7,James Brown,Bronze,1,85.12,85.12,22.764244571793824,1021.44,Active
11,Diana May,Bronze,2,52.205,104.41,24.88164333300665,1252.92,Active
14,Stephanie Manning,Bronze,0,0.0,0.0,,0.0,Never Ordered
15,Tiffany Barnes,Bronze,0,0.0,0.0,,0.0,Never Ordered
16,Shawn Ramirez,Bronze,5,70.00399999999999,350.02,11.51009113388136,4200.24,Active
17,Travis Marshall,Bronze,3,62.74333333333333,188.23,0.705318680498749,2258.7599999999998,Active
19,Edward Sullivan,Bronze,2,80.68,161.36,16.69588527781889,1936.3200000000002,Active
20,Edgar Raymond,Bronze,2,125.99000000000001,251.98000000000002,36.99251555558294,3023.76,At Risk
22,Andrea Martin,Bronze,0,0.0,0.0,,0.0,Never Ordered
23,Robert Costa,Bronze,2,47.025,94.05,1.976004698779434,1128.6,Active
24,Michael Martinez,Bronze,1,117.57,117.57,3.857925706077367,1410.84,Active
25,Jennifer Villa,Bronze,1,78.87,78.87,47.864465520717204,946.44,At Risk
27,Joseph Knight,Bronze,5,56.622,283.11,-0.5041243056766689,3397.32,Active
30,Michael Banks,Bronze,4,91.87,367.48,1.6162254163064063,4409.76,Active
32,Derek Martinez,Bronze,3,112.00666666666666,336.02,3.575346110854298,4032.24,Active
33,Jody Jacobs,Bronze,2,129.495,258.99,2.580120960716158,3107.88,Active
37,Jennifer Wilson,Bronze,4,47.254999999999995,189.01999999999998,11.19397414335981,2268.24,Active
38,Cassandra Mejia,Bronze,2,28.255000000000003,56.510000000000005,1.7158152544870973,678.1200000000001,Active
40,Sydney Collins,Bronze,3,55.56666666666666,166.7,15.626404155045748,2000.3999999999999,Active
41,Jackson Ball,Bronze,3,77.39,232.17000000000002,0.5134627311490476,2786.04,Active
42,Jerry Palmer,Bronze,1,156.92,156.92,0.60359170101583,1883.04,Active
43,Todd Lynch,Bronze,3,42.25666666666667,126.77000000000001,7.55407690955326,1521.2400000000002,Active
45,Dawn Mullins,Bronze,0,0.0,0.0,,0.0,Never Ordered
47,Justin Green,Bronze,5,87.47200000000001,437.36,20.0561015275307,5248.32,Active
50,Brooke Perry,Bronze,1,29.63,29.63,0.9412155207246542,355.56,Active
57,Erin Simon,Bronze,3,81.14333333333333,243.43,15.627517927903682,2921.16,Active
58,Christopher Parks,Bronze,0,0.0,0.0,,0.0,Never Ordered
59,Christina Herrera,Bronze,2,80.515,161.03,19.788032094947994,1932.3600000000001,Active
60,Randy Cannon,Bronze,3,57.32333333333333,171.97,1.9284478817135096,2063.64,Active
61,Donald Pineda,Bronze,3,28.19333333333333,84.58,7.596361238043755,1014.96,Active
62,Travis Hobbs,Bronze,2,34.66,69.32,44.68296373821795,831.8399999999999,At Risk
64,Elizabeth Ward,Bronze,2,103.705,207.41,21.644747904967517,2488.92,Active
65,Wanda Bernard,Bronze,3,52.93,158.79,8.51994534721598,1905.48,Active
67,Alexis Clark,Bronze,0,0.0,0.0,,0.0,Never Ordered
69,Kristin Haney,Bronze,1,72.51,72.51,23.923109444323927,870.1200000000001,Active
72,Daniel Burgess,Bronze,2,51.09,102.18,17.64654288161546,1226.16,Active
73,Samuel Wong,Bronze,3,98.82666666666667,296.48,0.06842820579186082,3557.76,Active
78,Sarah Flynn,Bronze,1,18.24,18.24,25.506375370081514,218.88,Active
79,Michael Young,Bronze,3,71.57333333333334,214.72,18.810147117823362,2576.6400000000003,Active
80,Lori Hernandez,Bronze,1,55.52,55.52,33.04724753461778,666.24,At Risk
83,Shelley Quinn,Bronze,3,71.87666666666667,215.63,11.285885150078684,2587.56,Active
84,Timothy Mathews,Bronze,2,64.03,128.06,6.984895972069353,1536.72,Active
85,David Reed,Bronze,2,81.615,163.23,9.75862689781934,1958.7599999999998,Active
86,Eddie Rosales,Bronze,3,50.50666666666667,151.52,0.6668317592702806,1818.2400000000002,Active
90,Nancy Gallagher,Bronze,5,55.552,277.76,8.907510023098439,3333.12,Active
91,Kyle Smith,Bronze,4,94.595,378.38,1.152682603802532,4540.5599999999995,Active
96,Edwin Foster,Bronze,1,31.11,31.11,9.69824068248272,373.32,Active
98,Alicia Roth,Bronze,0,0.0,0.0,,0.0,Never Ordered
99,Michele Hill,Bronze,7,81.45571428571428,570.1899999999999,1.6731999418698251,6842.279999999999,Active
100,Lindsay Smith,Bronze,4,64.53,258.12,11.033129964955151,3097.44,Active
101,Lindsay Guerrero,Bronze,0,0.0,0.0,,0.0,Never Ordered
103,Laura Moore,Bronze,2,86.645,173.29,6.435744039248675,2079.48,Active
106,Brittany Davis,Bronze,2,44.6,89.2,2.73732921294868,1070.4,Active
107,Victor Nelson,Bronze,3,85.37,256.11,12.945968633983284,3073.32,Active
109,Jamie Johnson,Bronze,0,0.0,0.0,,0.0,Never Ordered
110,Charles Love,Bronze,3,48.21666666666667,144.65,32.20116718718782,1735.8000000000002,At Risk
111,Mr. Thomas Thompson,Bronze,2,46.25,92.5,20.710383807774633,1110.0,Active
112,Erica Wilson,Bronze,1,19.26,19.26,98.63512900425121,231.12,Churned
118,Kyle Medina,Bronze,3,61.47666666666667,184.43,34.65677692135796,2213.16,At Risk
123,Mark Williams,Bronze,2,46.37,92.74,8.836894548498094,1112.8799999999999,Active
124,Dale Heath,Bronze,2,46.43,92.86,24.674641562160105,1114.32,Active
125,Rachel Lane,Bronze,2,100.495,200.99,8.691747453529388,2411.88,Active
126,Charles Shields,Bronze,1,45.02,45.02,54.84056521952152,540.24,At Risk
129,Debra Valentine,Bronze,5,43.774,218.87,4.875944213010371,2626.44,Active
131,Jacqueline Dickerson,Bronze,1,91.84,91.84,37.608805150259286,1102.08,At Risk
132,Jennifer Vaughn,Bronze,6,82.42333333333333,494.54,3.716414803173393,5934.48,Active
133,Erik Delgado,Bronze,3,69.05333333333333,207.16,5.838457337580621,2485.9199999999996,Active
134,Shannon Nguyen,Bronze,2,62.735,125.47,2.995755184907466,1505.6399999999999,Active
136,Chelsea Smith,Bronze,3,93.55000000000001,280.65000000000003,11.75514012714848,3367.8,Active
139,Gregory Oconnor,Bronze,4,64.955,259.82,-0.1638548383489251,3117.84,Active
142,Natasha Ward,Bronze,4,89.22749999999999,356.90999999999997,2.645540312398225,4282.92,Active
143,Rebecca Thompson,Bronze,5,56.955999999999996,284.78,0.6256267707794905,3417.3599999999997,Active
144,Tricia Mullins DDS,Bronze,3,70.57000000000001,211.71,6.654167013708502,2540.5200000000004,Active
145,Gregory Flores,Bronze,3,41.583333333333336,124.75,16.61211811332032,1497.0,Active
146,Joshua Christensen,Bronze,4,65.9075,263.63,10.02591715240851,3163.56,Active
149,Carlos Johnson,Bronze,3,63.620000000000005,190.86,26.971171851735562,2290.32,Active
150,Phillip Smith,Bronze,4,58.435,233.74,7.291576458141208,2804.88,Active
152,Richard Hunt,Bronze,3,33.946666666666665,101.84,9.693488935008645,1222.08,Active
153,Alexandria Jimenez,Bronze,4,99.4725,397.89,1.5373380207456648,4774.68,Active
154,Jason Thompson,Bronze,3,75.63333333333333,226.89999999999998,7.035528229083866,2722.7999999999997,Active
156,Erica Smith,Bronze,5,75.348,376.74,8.713888101745397,4520.88,Active
159,Steven Flores,Bronze,4,93.705,374.82,1.4631549073383212,4497.84,Active
161,Deanna Cox,Bronze,3,68.20666666666666,204.62,17.144304178189486,2455.44,Active
165,Henry Lopez,Bronze,7,79.37,555.59,4.48013884248212,6667.08,Active
167,Mary Wood,Bronze,5,40.024,200.12,1.5799763654358685,2401.44,Active
168,Nicole Patel,Bronze,2,54.085,108.17,19.487869282253087,1298.04,Active
169,Brian Griffin,Bronze,5,91.05600000000001,455.28000000000003,2.0436606826260686,5463.360000000001,Active
172,Nancy Taylor,Bronze,5,72.366,361.83,2.8405865970999002,4341.96,Active
174,Michael Tran,Bronze,3,145.49666666666667,436.49,53.57194832153618,5237.88,At Risk
176,Joshua Moore,Bronze,0,0.0,0.0,,0.0,Never Ordered
178,Garrett Riley,Bronze,3,98.70333333333333,296.11,6.4730021874420345,3553.32,Active
180,Brenda Rogers,Bronze,4,62.9875,251.95,12.709522893186659,3023.3999999999996,Active
181,Kathleen Golden,Bronze,1,35.61,35.61,6.988957314752042,427.32,Active
182,Dwayne Bruce,Bronze,6,103.11333333333334,618.6800000000001,3.628239976707846,7424.160000000001,Active
185,Sean Hatfield,Bronze,5,67.884,339.42,7.462128888815641,4073.04,Active
190,Jessica Rosario,Bronze,2,37.235,74.47,9.598855092655867,893.64,Active
191,Megan Sanders,Bronze,5,113.3,566.5,5.652387835551053,6798.0,Active
195,Kenneth Stokes,Bronze,2,77.405,154.81,-0.3336169677786529,1857.72,Active
196,Rodney Wagner,Bronze,1,80.46,80.46,0.9366266084834933,965.52,Active
202,Travis Wilson,Bronze,2,54.275000000000006,108.55000000000001,15.102104235906154,1302.6000000000001,Active
203,Jennifer Lewis,Bronze,6,98.195,589.17,5.9049297221936285,7070.039999999999,Active
206,Brad Rivas,Bronze,2,51.705,103.41,45.12616158556193,1240.92,At Risk
207,Jeffrey Drake MD,Bronze,2,75.47,150.94,7.033076955936849,1811.28,Active
209,Robert Peterson,Bronze,4,51.1925,204.77,1.742238379549235,2457.2400000000002,Active
210,Melissa Lopez,Bronze,2,152.49,304.98,-0.10111814830452204,3659.76,Active
214,Gloria Wagner,Bronze,2,77.92999999999999,155.85999999999999,7.651728541590273,1870.3199999999997,Active
216,Sheryl Meyer,Bronze,2,24.905,49.81,6.656110289040953,597.72,Active
217,Robin Armstrong,Bronze,3,118.91000000000001,356.73,13.10414430545643,4280.76,Active
223,Christy Pittman,Bronze,2,103.32,206.64,29.532330416608602,2479.68,Active
224,Christopher Peters,Bronze,1,136.94,136.94,8.025150949135423,1643.28,Active
225,Christine Gonzalez,Bronze,0,0.0,0.0,,0.0,Never Ordered
226,Stacey Walker,Bronze,3,54.16,162.48,10.024470636621118,1949.7599999999998,Active
228,Allison Holmes,Bronze,2,71.58500000000001,143.17000000000002,28.96687967563048,1718.0400000000002,Active
234,Maria Hartman,Bronze,1,65.26,65.26,21.45418118033558,783.1200000000001,Active
235,Nathaniel Clark,Bronze,1,32.61,32.61,41.67803100682795,391.32,At Risk
237,Joshua Mendoza,Bronze,5,59.08,295.4,6.9810640970245,3544.7999999999997,Active
238,Morgan Ellis,Bronze,2,47.74,95.48,2.8618392357602715,1145.76,Active
240,Miguel Stafford,Bronze,0,0.0,0.0,,0.0,Never Ordered
244,David Mitchell,Bronze,2,112.025,224.05,0.819407812319696,2688.6000000000004,Active
245,Larry Jones,Bronze,4,95.3175,381.27,12.56618210626766,4575.24,Active
247,Tammy Booth,Bronze,2,39.825,79.65,25.964229641016573,955.8000000000001,Active
251,Mr. David Jackson,Bronze,2,32.315,64.63,6.096368495374918,775.56,Active
252,Nancy James,Bronze,2,95.47,190.94,2.9390772450715303,2291.2799999999997,Active
254,Joseph Campbell,Bronze,3,40.52333333333333,121.57000000000001,20.612167580984533,1458.84,Active
255,Tony Wilson,Bronze,1,108.09,108.09,6.449917696416378,1297.08,Active
260,Tracy Schmidt,Bronze,4,77.6025,310.41,4.591846955940127,3724.92,Active
263,Erin Gomez,Bronze,4,100.4,401.6,1.1993367704562843,4819.200000000001,Active
269,Daniel Horton,Bronze,4,63.2425,252.97,4.257552569266409,3035.64,Active
270,Logan Nguyen,Bronze,2,40.345,80.69,27.609238795936108,968.28,Active
282,Lori Edwards,Bronze,1,83.09,83.09,47.059438668657094,997.08,At Risk
283,Larry Lewis,Bronze,1,81.7,81.7,46.98658745363355,980.4000000000001,At Risk
284,Jocelyn Barnes,Bronze,4,45.4825,181.93,4.843355983495712,2183.16,Active
286,Juan Martin,Bronze,2,26.895,53.79,2.9603458447381854,645.48,Active
287,Danny Campbell,Bronze,1,78.12,78.12,21.17660538200289,937.44,Active
289,Margaret Riley,Bronze,2,85.94,171.88,29.927279478870332,2062.56,Active
291,Craig Mathis,Bronze,5,94.986,474.93,2.596349224448204,5699.16,Active
292,Jessica Lopez,Bronze,0,0.0,0.0,,0.0,Never Ordered
294,Michael Gibson,Bronze,3,78.42333333333333,235.27,0.6530778701417148,2823.24,Active
295,Jamie Hale,Bronze,3,54.99666666666667,164.99,3.1947179860435426,1979.88,Active
298,Anthony Wright,Bronze,4,97.7775,391.11,2.61680222209543,4693.32,Active
300,Elizabeth Cook,Bronze,5,55.476,277.38,2.0246910993009806,3328.56,Active
301,Joseph Cooper,Bronze,2,58.364999999999995,116.72999999999999,13.643885150086135,1400.7599999999998,Active
308,Tammy Morris,Bronze,5,65.862,329.31,9.833681979216635,3951.7199999999993,Active
310,Miss Amanda Fisher,Bronze,4,73.1525,292.61,5.732083263806999,3511.32,Active
311,Christina Franklin,Bronze,8,64.87125,518.97,6.828402534592897,6227.64,Active
312,Anthony Brown,Bronze,3,37.916666666666664,113.75,3.618138402700424,1365.0,Active
313,Sarah Meyer,Bronze,2,66.69,133.38,5.685811955947429,1600.56,Active
317,Gabriel Watson,Bronze,4,82.1125,328.45,2.0529437847435474,3941.3999999999996,Active
318,Amber Kennedy,Bronze,3,73.83,221.49,0.6805092361755669,2657.88,Active
319,Jason Wagner,Bronze,3,80.23333333333333,240.7,3.5004313308745623,2888.3999999999996,Active
320,Tiffany Lozano,Bronze,4,30.4975,121.99,19.006247187498957,1463.8799999999999,Active
324,Stanley Fischer,Bronze,2,58.615,117.23,15.66674751136452,1406.76,Active
329,Joel Webb,Bronze,6,64.88833333333334,389.33,4.5826512961648405,4671.960000000001,Active
330,Christine Mendez,Bronze,2,42.83,85.66,12.628029895480722,1027.92,Active
331,Lauren Torres,Bronze,0,0.0,0.0,,0.0,Never Ordered
333,Whitney Gonzalez,Bronze,3,48.96333333333333,146.89,10.478863865602762,1762.6799999999998,Active
334,Michelle Thornton,Bronze,0,0.0,0.0,,0.0,Never Ordered
335,Donald Gonzalez,Bronze,2,64.61,129.22,17.726243229117244,1550.6399999999999,Active
336,Charles Stewart,Bronze,5,122.64200000000001,613.21,3.4239170947112143,7358.52,Active
339,Amy Davis,Bronze,2,53.815,107.63,1.6282934718765318,1291.56,Active
340,Carl Hines,Bronze,2,63.8,127.6,3.077299328520894,1531.1999999999998,Active
341,James Nicholson,Bronze,3,83.33999999999999,250.01999999999998,2.8667483562603593,3000.24,Active
342,Ms. Janet Leonard,Bronze,1,91.64,91.64,59.08951946720481,1099.68,At Risk
343,Jennifer Thompson,Bronze,1,79.03,79.03,23.799749479163438,948.36,Active
344,Dawn Delgado,Bronze,2,56.885,113.77,8.870588425546885,1365.24,Active
345,Connie Carr,Bronze,4,51.91,207.64,2.1308998032473028,2491.68,Active
348,David Hudson,Bronze,3,76.96666666666665,230.89999999999998,10.155030081048608,2770.7999999999997,Active
349,Shelby Stout,Bronze,1,28.21,28.21,41.86051200237125,338.52,At Risk
354,Shannon Rodriguez,Bronze,1,43.29,43.29,10.89117912016809,519.48,Active
355,Kathleen White,Bronze,1,20.99,20.99,17.85630784695968,251.88,Active
357,David Nguyen,Bronze,3,81.68333333333334,245.05,1.6187790506519377,2940.6000000000004,Active
361,Jeremy Manning,Bronze,5,118.256,591.28,4.611038298346102,7095.36,Active
363,Christopher Jimenez,Bronze,4,74.89,299.56,6.959654849488288,3594.7200000000003,Active
366,Joshua Davis,Bronze,1,23.37,23.37,42.73646048596129,280.44,At Risk
369,Rodney Weaver,Bronze,2,92.53999999999999,185.07999999999998,0.6783937034197152,2220.96,Active
370,Howard Smith,Bronze,1,74.44,74.44,3.5715737035498023,893.28,Active
371,Joe Boyer,Bronze,4,58.4075,233.63,2.952552360948175,2803.56,Active
372,Jonathan Davis,Bronze,6,60.725,364.35,2.877735022921115,4372.200000000001,Active
373,Brandon Dawson,Bronze,3,65.98,197.94,5.186862951144576,2375.2799999999997,Active
375,Michelle Robbins,Bronze,1,42.0,42.0,4.0533046294003725,504.0,Active
376,Victoria Lewis,Bronze,2,26.965,53.93,8.116445867810398,647.16,Active
378,Robert Carroll,Bronze,3,31.28,93.84,4.620657928287983,1126.08,Active
380,Phillip Carter,Bronze,1,55.29,55.29,73.96829631924629,663.48,At Risk
381,Jessica Romero,Bronze,3,52.61666666666667,157.85,21.953613182529807,1894.1999999999998,Active
387,Jennifer Schneider,Bronze,2,71.795,143.59,2.6108116433024406,1723.08,Active
388,Bianca Velazquez,Bronze,0,0.0,0.0,,0.0,Never Ordered
392,Kenneth Young,Bronze,2,68.225,136.45,17.92671270808205,1637.3999999999999,Active
393,Kathleen Mccarthy,Bronze,1,35.31,35.31,49.14731533546001,423.72,At Risk
395,John Murray,Bronze,1,67.69,67.69,15.860226782038808,812.28,Active
398,Frank Moreno,Bronze,1,84.79,84.79,30.574883136432618,1017.48,At Risk
401,Christopher Carson,Bronze,2,68.4,136.8,1.4573711226694286,1641.6000000000001,Active
405,Timothy Lucero,Bronze,1,17.51,17.51,84.83557314798236,210.12,At Risk
407,Juan Thomas,Bronze,1,45.58,45.58,7.608325034379959,546.96,Active
408,Rodney Gilmore,Bronze,1,54.84,54.84,19.81737180519849,658.08,Active
410,Alexandra Harper,Bronze,4,95.5675,382.27,13.48232829850167,4587.24,Active
411,William Johnson,Bronze,4,40.6025,162.41,5.828437882009894,1948.92,Active
416,Steven Thomas,Bronze,2,70.77,141.54,1.3746701157651842,1698.48,Active
417,Roger Holmes,Bronze,1,50.44,50.44,45.7192517244257,605.28,At Risk
418,Dawn Levy,Bronze,4,75.8625,303.45,7.905569375026971,3641.3999999999996,Active
423,Jeffrey Pitts,Bronze,2,57.115,114.23,9.713833935093135,1370.76,Active
424,Dominic Li,Bronze,3,98.42999999999999,295.28999999999996,14.929392349440604,3543.4799999999996,Active
425,Joshua Powell,Bronze,4,30.07,120.28,0.4821717357262969,1443.3600000000001,Active
427,Lydia Watson,Bronze,1,27.41,27.41,8.750037244986743,328.92,Active
429,John Murphy,Bronze,5,73.424,367.12,3.018823148217052,4405.4400000000005,Active
430,Jacob Parker,Bronze,2,40.235,80.47,0.9464878239668906,965.64,Active
431,Brett Davies,Bronze,2,60.935,121.87,3.7098702313378453,1462.44,Active
434,Michelle Mcbride,Bronze,2,74.79,149.58,3.708538541570306,1794.96,Active
435,John Wilkerson,Bronze,5,74.136,370.68,9.579381643328816,4448.16,Active
437,Sarah Smith,Bronze,0,0.0,0.0,,0.0,Never Ordered
440,Sheila Velazquez,Bronze,2,38.519999999999996,77.03999999999999,7.834746562410146,924.4799999999999,Active
441,Benjamin Rush,Bronze,1,31.62,31.62,94.7163866898045,379.44,Churned
443,Tyler Andrews,Bronze,2,60.025000000000006,120.05000000000001,1.091540648136288,1440.6000000000001,Active
444,Christopher Harrington,Bronze,3,116.17666666666668,348.53000000000003,0.7114265160635114,4182.360000000001,Active
449,Antonio Cole,Bronze,0,0.0,0.0,,0.0,Never Ordered
450,Stacey Schmidt,Bronze,1,78.57,78.57,32.70829523121938,942.8399999999999,At Risk
453,Bradley Hess,Bronze,1,119.94,119.94,79.65783570567146,1439.28,At Risk
455,Spencer Wright,Bronze,1,113.2,113.2,24.024118066765368,1358.4,Active
456,Joel Williams,Bronze,3,89.75666666666666,269.27,24.70011704834178,3231.24,Active
457,Julie Decker,Bronze,4,118.26750000000001,473.07000000000005,5.56680915504694,5676.84,Active
458,Christina Robinson,Bronze,3,49.49333333333333,148.48,4.5184784373268485,1781.7599999999998,Active
459,Mark Jimenez,Bronze,1,82.51,82.51,20.445949386339635,990.1200000000001,Active
460,Brooke Lewis,Bronze,2,85.315,170.63,6.613617893308401,2047.56,Active
461,Shelly Brown,Bronze,2,53.620000000000005,107.24000000000001,1.0911086341366172,1286.88,Active
466,Roy Hines,Bronze,3,93.83333333333333,281.5,7.971297048497945,3378.0,Active
467,Tommy Mcclure,Bronze,1,28.44,28.44,33.870226041413844,341.28000000000003,At Risk
469,Jordan Dudley,Bronze,4,93.505,374.02,28.938470057677478,4488.24,Active
471,Phillip Bennett,Bronze,1,38.93,38.93,2.5144636570475996,467.15999999999997,Active
473,Cynthia Stephens,Bronze,1,26.17,26.17,27.971480370033532,314.04,Active
477,Stephen Roth,Bronze,0,0.0,0.0,,0.0,Never Ordered
483,Rebecca Sandoval,Bronze,3,88.88999999999999,266.66999999999996,42.85743550909683,3200.0399999999995,At Risk
487,Christopher Delacruz,Bronze,4,64.525,258.1,-0.39681642362847924,3097.2000000000003,Active
488,Cindy Carter,Bronze,1,28.91,28.91,25.899682083167136,346.92,Active
491,Douglas Santos,Bronze,7,56.80428571428571,397.63,4.136072685010731,4771.5599999999995,Active
493,Andrew Chavez,Bronze,1,101.09,101.09,6.192833032459021,1213.08,Active
494,Dr. Paula Lawson MD,Bronze,3,105.88,317.64,13.008890543598682,3811.68,Active
495,Lauren Stephens,Bronze,1,175.5,175.5,55.69241631915793,2106.0,At Risk
496,Katherine Walker,Bronze,3,93.14,279.42,16.585109988227487,3353.04,Active
498,Robin York,Bronze,2,82.36,164.72,0.5627625463530421,1976.6399999999999,Active
8,Kelly Donovan,Gold,2,42.12,84.24,0.7082048030570149,1010.8799999999999,Active
13,Samuel Jones,Gold,0,0.0,0.0,,0.0,Never Ordered
34,Shane Pugh,Gold,3,85.39,256.17,0.9802299537695944,3074.04,Active
36,Katelyn Estrada,Gold,2,68.91499999999999,137.82999999999998,0.8943459605798125,1653.9599999999998,Active
44,Richard Cooper,Gold,4,32.285000000000004,129.14000000000001,6.615207210648805,1549.6800000000003,Active
53,Jason Parker,Gold,2,40.175,80.35,23.947719710413367,964.1999999999999,Active
54,Jonathan Carr,Gold,1,54.07,54.07,2.1199964927509427,648.84,Active
56,Vincent Spence,Gold,1,68.74,68.74,2.7736768862232566,824.8799999999999,Active
63,Matthew Nielsen,Gold,1,107.05,107.05,67.5622570947744,1284.6,At Risk
68,Angela Moore,Gold,4,122.88749999999999,491.54999999999995,4.9246540274471045,5898.599999999999,Active
74,Brian Lambert,Gold,2,88.17,176.34,27.02012386545539,2116.08,Active
81,Mr. Joseph Levine DVM,Gold,1,31.98,31.98,35.6373524996452,383.76,At Risk
89,Kelly Mccoy,Gold,2,66.08,132.16,11.082884363364428,1585.92,Active
105,Christian Neal,Gold,2,114.215,228.43,1.162709363270551,2741.16,Active
113,Rebecca Roberts,Gold,5,76.116,380.58,6.585670867934823,4566.96,Active
114,Abigail Owens,Gold,2,105.61,211.22,10.666902511380613,2534.64,Active
116,Carol Huber,Gold,4,55.0775,220.31,6.9313710876740515,2643.7200000000003,Active
117,Jessica Smith,Gold,3,60.79,182.37,6.825258147902787,2188.44,Active
119,Brett Swanson,Gold,2,79.345,158.69,9.646438101772219,1904.28,Active
121,Lisa Martin,Gold,2,69.745,139.49,13.988668587990105,1673.88,Active
122,Matthew Houston,Gold,0,0.0,0.0,,0.0,Never Ordered
127,Margaret Gonzales,Gold,2,58.61,117.22,6.819786828476936,1406.6399999999999,Active
128,Jason Rodriguez,Gold,4,49.6175,198.47,13.648556585423648,2381.64,Active
135,Adam Jordan,Gold,4,70.795,283.18,1.7684824303723872,3398.16,Active
151,Lydia Williams,Gold,3,30.27666666666667,90.83000000000001,-0.5139878476038575,1089.96,Active
166,Jesse Escobar,Gold,6,77.395,464.37,12.675833831075579,5572.4400000000005,Active
179,Michael Lopez,Gold,1,124.22,124.22,34.5849952083081,1490.6399999999999,At Risk
183,Kimberly Romero,Gold,1,41.02,41.02,91.84973130794242,492.24,Churned
184,Larry Harding,Gold,1,113.59,113.59,59.628626759164035,1363.08,At Risk
187,Brandon Goodwin,Gold,3,70.42,211.26,5.9919741549529135,2535.12,Active
192,Mark Taylor Jr.,Gold,6,81.315,487.89,4.651489941868931,5854.68,Active
193,Christopher Hopkins,Gold,4,66.485,265.94,1.6212231596000493,3191.2799999999997,Active
198,Stacey Sanders,Gold,6,35.693333333333335,214.16,11.631949421018362,2569.92,Active
199,Ashley Gardner,Gold,1,23.06,23.06,1.6179394791834056,276.71999999999997,Active
204,Andrew Anderson,Gold,3,72.94333333333333,218.82999999999998,0.6088614813052118,2625.96,Active
220,Laura Brown,Gold,2,39.015,78.03,13.55543585633859,936.36,Active
229,Wesley Holmes,Gold,5,63.081999999999994,315.40999999999997,19.61549442121759,3784.9199999999996,Active
241,Jeffrey Hall,Gold,2,112.11500000000001,224.23000000000002,7.583892789203674,2690.76,Active
243,Mary Wright,Gold,2,102.33,204.66,4.962854386307299,2455.92,Active
246,Andrew Li,Gold,4,46.615,186.46,9.1006452543661,2237.52,Active
250,Teresa Morris,Gold,3,53.32,159.96,4.115755902603269,1919.52,Active
253,Sara Porter,Gold,3,34.88666666666666,104.66,14.857577603776008,1255.92,Active
257,Daniel Martin,Gold,1,63.3,63.3,37.81828702520579,759.5999999999999,At Risk
265,John Hodges,Gold,2,50.39,100.78,4.876539757009596,1209.3600000000001,Active
271,Robert Thompson,Gold,3,64.88333333333333,194.64999999999998,44.95385299762711,2335.7999999999997,At Risk
272,Todd Greene,Gold,3,75.56,226.68,9.962251713033766,2720.16,Active
273,Jeffery Hernandez,Gold,3,89.72666666666667,269.18,0.1898825578391552,3230.16,Active
274,Angela Smith,Gold,2,33.64,67.28,19.99291991861537,807.36,Active
281,Seth Payne,Gold,8,67.59,540.72,2.15494701359421,6488.64,Active
293,Craig Lang,Gold,2,58.335,116.67,8.911904363427311,1400.04,Active
315,Cynthia Velez MD,Gold,5,104.50999999999999,522.55,1.090958969667554,6270.599999999999,Active
337,Kristen Paul,Gold,3,61.23333333333333,183.7,1.9792726966552436,2204.3999999999996,Active
352,Lee Daniel,Gold,1,72.69,72.69,-0.32607949106022716,872.28,Active
359,Kenneth Walters DDS,Gold,2,41.09,82.18,0.5432262727990746,986.1600000000001,Active
365,Veronica Smith,Gold,3,65.17,195.51000000000002,12.020766192115843,2346.12,Active
368,Mr. William Bray,Gold,1,41.3,41.3,18.073365532327443,495.59999999999997,Active
377,Jasmine Russell,Gold,5,82.556,412.78,5.336189050693065,4953.36,Active
379,Mr. Zachary Mora DVM,Gold,4,77.36250000000001,309.45000000000005,4.6708432752639055,3713.4000000000005,Active
384,Tammy Bell,Gold,5,64.50800000000001,322.54,5.9031001618131995,3870.480000000001,Active
386,Isabel Smith,Gold,4,88.7475,354.99,20.592491122428328,4259.88,Active
390,Timothy Horne,Gold,5,49.196,245.98,4.060907002072781,2951.7599999999998,Active
396,Alex Myers,Gold,2,66.88,133.76,1.1757715274579823,1605.12,Active
397,Michael Anderson,Gold,3,96.86,290.58,7.449556516017765,3486.96,Active
402,Stephen Hicks,Gold,2,44.275,88.55,3.877423564437777,1062.6,Active
404,Lisa Vincent,Gold,6,96.67666666666668,580.0600000000001,6.727599432691932,6960.720000000001,Active
406,Sherri Mckinney,Gold,2,49.805,99.61,7.794896261300892,1195.32,Active
409,Courtney Schneider MD,Gold,2,112.535,225.07,11.686420601792634,2700.84,Active
428,Cheyenne Hudson,Gold,2,72.30499999999999,144.60999999999999,78.8678023610264,1735.3199999999997,At Risk
438,Peter Garcia,Gold,6,61.416666666666664,368.5,6.447393564507365,4422.0,Active
445,Ms. Maria Thomas,Gold,0,0.0,0.0,,0.0,Never Ordered
446,Phillip King,Gold,4,46.6675,186.67,1.723477036692202,2240.04,Active
454,Darren Morris,Gold,1,44.66,44.66,0.9039908330887556,535.92,Active
468,John Ho,Gold,2,70.885,141.77,27.007407557684928,1701.2400000000002,Active
474,Rebecca Wood,Gold,4,50.2825,201.13,3.9312793631106615,2413.56,Active
486,Shane Finley,Gold,2,35.205,70.41,16.812445821706206,844.92,Active
490,Allison Branch,Gold,0,0.0,0.0,,0.0,Never Ordered
2,Valerie Gray,Platinum,4,72.795,291.18,2.7317820135504007,3494.16,Active
12,Maurice Gray,Platinum,2,58.67999999999999,117.35999999999999,0.6391223380342126,1408.3199999999997,Active
35,Jennifer Thomas,Platinum,3,79.39666666666666,238.19,11.006760381627828,2858.2799999999997,Active
51,James Bryant,Platinum,2,40.255,80.51,16.58142482629046,966.1200000000001,Active
70,Regina Rivera,Platinum,4,59.935,239.74,0.6812537731602788,2876.88,Active
140,Shane Harris,Platinum,5,89.45,447.25,1.5625640046782792,5367.0,Active
141,Anne Hardy,Platinum,0,0.0,0.0,,0.0,Never Ordered
155,Joseph Carney,Platinum,4,92.61,370.44,7.554003958124667,4445.28,Active
227,Lisa Duran,Platinum,2,60.739999999999995,121.47999999999999,37.95337699074298,1457.7599999999998,At Risk
242,Alexis Smith,Platinum,2,44.985,89.97,16.621563136577606,1079.6399999999999,Active
248,Jennifer Sims,Platinum,1,30.25,30.25,75.61767739569768,363.0,At Risk
249,Yvonne Montoya,Platinum,4,63.5075,254.03,5.756254073698074,3048.36,Active
262,Kelly Walker,Platinum,2,111.545,223.09,6.862620080821216,2677.08,Active
306,James Marsh,Platinum,2,43.605000000000004,87.21000000000001,10.928581400308758,1046.52,Active
314,Amanda Hines,Platinum,3,104.74666666666667,314.24,9.73915321752429,3770.88,Active
325,Elizabeth Ortiz,Platinum,1,147.12,147.12,21.89731071749702,1765.44,Active
367,Yolanda Jackson,Platinum,3,53.21333333333333,159.64,2.566095544025302,1915.6799999999998,Active
391,Alexandra Berry,Platinum,5,89.03,445.15,2.955298437271267,5341.799999999999,Active
412,Reginald Roman,Platinum,3,82.37666666666667,247.13,7.856582500040531,2965.56,Active
413,Isabella Stephens,Platinum,4,65.645,262.58,20.59687509248033,3150.96,Active
442,Jasmine Bryan,Platinum,3,126.99000000000001,380.97,11.929579455871135,4571.64,Active
447,Ashley Fritz,Platinum,3,70.36666666666666,211.1,6.760082534514368,2533.2,Active
465,Matthew Davis,Platinum,3,32.04333333333333,96.13,10.890666180290282,1153.56,Active
470,Jessica Chang,Platinum,3,26.350000000000005,79.05000000000001,4.625519895460457,948.6000000000001,Active
472,Donna Payne,Platinum,1,49.7,49.7,57.14353457139805,596.4000000000001,At Risk
476,Katherine Baker,Platinum,2,27.4,54.8,0.8745545600540936,657.5999999999999,Active
479,Lucas Wilson,Platinum,2,56.015,112.03,36.938933657016605,1344.3600000000001,At Risk
489,Walter Griffith,Platinum,3,92.81333333333333,278.44,10.642698078416288,3341.2799999999997,Active
499,Catherine Lopez,Platinum,3,80.37666666666667,241.13,19.58244692115113,2893.56,Active
500,Juan Wright MD,Platinum,3,70.85000000000001,212.55,1.992579189594835,2550.6000000000004,Active
3,Thomas Bradley,Silver,1,153.99,153.99,30.95360315963626,1847.88,At Risk
4,Stephen Potter,Silver,3,64.15666666666667,192.47,1.3166134371422231,2309.64,Active
9,Natalie Moore,Silver,3,46.43333333333334,139.3,39.93438141187653,1671.6000000000001,At Risk
10,Steven Flynn,Silver,2,101.08,202.16,4.116898449137807,2425.92,Active
18,Nicholas Sheppard,Silver,1,46.29,46.29,40.05760769639164,555.48,At Risk
21,Kevin Patterson,Silver,2,33.825,67.65,17.17818239564076,811.8000000000001,Active
26,Sheila Sawyer,Silver,3,66.04,198.12,10.606510520447046,2377.44,Active
28,Laura Haney,Silver,1,38.43,38.43,32.93618465261534,461.15999999999997,At Risk
29,Joshua Mata,Silver,1,103.83,103.83,61.51861387724057,1245.96,At Risk
31,Bryan Charles,Silver,5,44.892,224.46,11.631254826206714,2693.52,Active
39,Joanna Shepherd,Silver,1,86.66,86.66,115.88447541650385,1039.92,Churned
46,Andrew Berg,Silver,5,60.032000000000004,300.16,6.601091249845922,3601.92,Active
48,Lisa Miller,Silver,3,79.21333333333334,237.64000000000001,5.669045404996723,2851.6800000000003,Active
49,Mark Pierce,Silver,0,0.0,0.0,,0.0,Never Ordered
52,Charles Morrison,Silver,2,82.615,165.23,10.071088611148298,1982.7599999999998,Active
55,Taylor Griffith,Silver,3,40.63333333333333,121.9,13.559067812282592,1462.8000000000002,Active
66,Chase Lee,Silver,3,94.58666666666666,283.76,7.716806006617844,3405.12,Active
71,Ryan Pope,Silver,1,31.3,31.3,38.99821387697011,375.6,At Risk
75,Jerry Brown,Silver,4,61.375,245.5,1.7243461571633816,2946.0,Active
76,Holly Carson,Silver,1,20.81,20.81,137.95128425909206,249.71999999999997,Churned
77,Donna Adams,Silver,1,40.51,40.51,37.72930538188666,486.12,At Risk
82,Martin Medina,Silver,4,72.98,291.92,21.94968630792573,3503.04,Active
87,Brandon Wright,Silver,5,45.376,226.88,1.679375821724534,2722.56,Active
88,Steven Ramos,Silver,1,45.32,45.32,179.65285915508866,543.84,Churned
92,Stacy Austin,Silver,3,54.53,163.59,6.659248900134116,1963.08,Active
93,Monica Rogers,Silver,2,24.915,49.83,15.59311280073598,597.96,Active
94,Tom Spence,Silver,1,113.43,113.43,4.640082580968738,1361.16,Active
95,Edgar Miller,Silver,5,52.14,260.7,0.9160001040436327,3128.3999999999996,Active
97,Kelly Barnes,Silver,3,41.71333333333333,125.14,3.9111557407304645,1501.6799999999998,Active
102,Daniel Savage,Silver,3,58.78,176.34,1.8226351966150105,2116.08,Active
104,Travis Bryant,Silver,3,85.11666666666667,255.35000000000002,6.081771979108453,3064.2000000000003,Active
108,Gregory Rhodes,Silver,3,35.943333333333335,107.83,7.639114374760538,1293.96,Active
115,Gregory Ware,Silver,3,78.37,235.11,4.535853483714163,2821.32,Active
120,Douglas Serrano,Silver,4,81.1525,324.61,11.537030104082078,3895.32,Active
130,Bethany Fox,Silver,4,65.3025,261.21,6.005744791589677,3134.5199999999995,Active
137,Oscar Johnson,Silver,2,95.495,190.99,4.0871565621346235,2291.88,Active
138,Andrew Logan,Silver,2,65.44999999999999,130.89999999999998,6.729666111059487,1570.7999999999997,Active
147,Kristina Marquez,Silver,4,74.3475,297.39,13.623490960337222,3568.68,Active
148,Erin Daniels,Silver,2,61.36,122.72,10.66127464082092,1472.6399999999999,Active
157,Sarah Duncan,Silver,7,43.77571428571429,306.43,0.9749290621839464,3677.16,Active
158,Shane Short,Silver,3,55.46,166.38,20.029563090298325,1996.56,Active
160,Ashley Brown,Silver,1,56.58,56.58,17.84845144674182,678.96,Active
162,Robert Garza,Silver,2,40.57,81.14,17.92312504630536,973.6800000000001,Active
163,Eddie Gilbert,Silver,1,20.11,20.11,5.657647013664246,241.32,Active
164,Jeffrey Clark,Silver,4,43.1925,172.77,13.920048634056002,2073.2400000000002,Active
170,Robert Thompson,Silver,4,44.9475,179.79,8.991927766241133,2157.48,Active
171,Nicholas Burnett,Silver,2,74.945,149.89,5.827941226772964,1798.6799999999998,Active
173,Terry Montgomery,Silver,1,32.32,32.32,14.130203819368035,387.84000000000003,Active
175,Ronald Turner,Silver,3,50.71,152.13,4.948800173588097,1825.56,Active
177,Lynn Cantrell,Silver,3,45.57333333333333,136.72,6.575662326067686,1640.6399999999999,Active
186,Katherine Arellano,Silver,5,88.99600000000001,444.98,1.7287596873939037,5339.76,Active
188,Karen Collins,Silver,1,43.87,43.87,12.636353842448443,526.4399999999999,Active
189,Austin Contreras,Silver,7,83.96285714285715,587.74,10.991840219590813,7052.88,Active
194,Russell Bailey,Silver,4,56.677499999999995,226.70999999999998,1.616363471839577,2720.5199999999995,Active
197,Amy Harris,Silver,4,45.5975,182.39,3.8054157057777047,2188.68,Active
200,Sydney Welch,Silver,3,79.12,237.36,5.537456365767866,2848.32,Active
201,Rebecca Flores,Silver,0,0.0,0.0,,0.0,Never Ordered
205,Kristina Ellis MD,Silver,4,68.6825,274.73,26.571016654837877,3296.76,Active
208,Elizabeth Joyce,Silver,2,74.535,149.07,37.65511834481731,1788.84,At Risk
211,Kristen Roberts,Silver,3,61.85666666666666,185.57,10.723282129503787,2226.84,Active
212,Michael Moyer,Silver,0,0.0,0.0,,0.0,Never Ordered
213,Dr. Richard Hammond,Silver,0,0.0,0.0,,0.0,Never Ordered
215,Rebecca Liu,Silver,2,71.485,142.97,4.701640509068966,1715.6399999999999,Active
218,Mr. Walter Palmer,Silver,2,131.27,262.54,2.5999677777290344,3150.4800000000005,Active
219,Bryan Bailey PhD,Silver,5,40.44,202.2,-0.19790731510147452,2426.3999999999996,Active
221,Christopher Thomas,Silver,2,94.53999999999999,189.07999999999998,19.570425821468234,2268.96,Active
222,Ana Johnson,Silver,6,73.25,439.5,3.646731967572123,5274.0,Active
230,Daniel Hall,Silver,5,68.21000000000001,341.05,6.76257256930694,4092.600000000001,Active
231,Cassandra Smith,Silver,5,85.078,425.39,21.971775555517524,5104.68,Active
232,Laurie Dickerson,Silver,3,30.80333333333333,92.41,1.6148758679628372,1108.92,Active
233,Jodi Young,Silver,4,71.305,285.22,2.7818810646422207,3422.6400000000003,Active
236,James Ferguson,Silver,1,85.63,85.63,7.656688055489212,1027.56,Active
239,Megan Murray,Silver,5,56.274,281.37,2.8796950806863606,3376.44,Active
256,Kevin Cruz,Silver,1,68.42,68.42,16.023696076124907,821.04,Active
258,Ian Anderson,Silver,0,0.0,0.0,,0.0,Never Ordered
259,Brian Kelley,Silver,0,0.0,0.0,,0.0,Never Ordered
261,David Davis,Silver,3,77.48,232.44,8.828599038999528,2789.2799999999997,Active
264,Michelle Rodriguez,Silver,3,58.343333333333334,175.03,4.139401134103537,2100.36,Active
266,Luis Davis,Silver,2,136.685,273.37,13.366769722197205,3280.44,Active
267,Geoffrey Rodriguez DDS,Silver,3,88.50333333333333,265.51,15.896308969706297,3186.12,Active
268,Nathan Williams,Silver,3,72.04,216.12,27.761802152730525,2593.44,Active
275,John Dudley DDS,Silver,4,71.3125,285.25,6.185898414347321,3423.0,Active
276,Samuel Bonilla,Silver,4,40.7825,163.13,1.1600627889856696,1957.56,Active
277,Charles Rose,Silver,1,90.84,90.84,22.930432349443436,1090.08,Active
278,Christopher Dudley,Silver,3,72.50333333333333,217.51,1.6425050809048116,2610.12,Active
279,Kyle Avila,Silver,4,64.2925,257.17,1.8456803816370666,3086.04,Active
280,Kevin Christian,Silver,1,29.93,29.93,2.558302025310695,359.15999999999997,Active
285,Virginia Harding,Silver,6,98.96333333333332,593.78,3.967074988409877,7125.36,Active
288,Beth Wilson,Silver,3,81.89666666666666,245.69,2.0943196178413928,2948.2799999999997,Active
290,Gregory Cooley,Silver,3,55.88333333333333,167.65,5.902074999641627,2011.8000000000002,Active
296,Adam Robinson,Silver,5,78.136,390.68,1.7486130320467055,4688.16,Active
297,Cynthia Shannon,Silver,3,105.59666666666665,316.78999999999996,9.763858136255294,3801.4799999999996,Active
299,Jesse Rivers,Silver,4,40.3625,161.45,0.9705603700131178,1937.3999999999999,Active
302,David Bell,Silver,0,0.0,0.0,,0.0,Never Ordered
303,Timothy Murray,Silver,0,0.0,0.0,,0.0,Never Ordered
304,Robert Golden,Silver,2,110.74000000000001,221.48000000000002,38.69327611103654,2657.76,At Risk
305,Brent Harris,Silver,3,44.00333333333333,132.01,11.935179791413248,1584.12,Active
307,Tammy Jones,Silver,4,46.8875,187.55,7.5703735877759755,2250.6000000000004,Active
309,Sarah Solis,Silver,1,41.61,41.61,21.049324687570333,499.32,Active
316,Richard Green,Silver,0,0.0,0.0,,0.0,Never Ordered
321,Bryan Hill,Silver,1,63.43,63.43,38.825524328742176,761.16,At Risk
322,Chad Ramirez,Silver,1,127.5,127.5,0.9369114465080202,1530.0,Active
323,Shawn Tapia,Silver,5,64.814,324.07,4.598537870217115,3888.8399999999992,Active
326,Erin Lewis,Silver,0,0.0,0.0,,0.0,Never Ordered
327,Cheyenne Obrien,Silver,0,0.0,0.0,,0.0,Never Ordered
328,Eric Thomas,Silver,1,37.01,37.01,41.8751829280518,444.12,At Risk
332,Amy Hunt,Silver,5,116.984,584.92,0.47240443248301744,7019.039999999999,Active
338,Alex Lamb,Silver,2,84.02,168.04,3.7449698145501316,2016.48,Active
346,John Moore,Silver,1,60.96,60.96,42.86053696740419,731.52,At Risk
347,Mary Mcdaniel,Silver,4,76.1575,304.63,4.822656585369259,3655.56,Active
350,Brenda Sanchez,Silver,3,66.36,199.07999999999998,8.085783148184419,2388.96,Active
351,Samuel Aguilar,Silver,7,76.71000000000001,536.97,5.467834571376443,6443.64,Active
353,Deborah Ramirez,Silver,4,62.9925,251.97,15.599189039319754,3023.64,Active
356,Scott Torres,Silver,3,68.54,205.62,24.662362441886216,2467.44,Active
358,Debbie Schmidt,Silver,4,83.47,333.88,2.036047418601811,4006.56,Active
360,Jeffery Green,Silver,3,64.51666666666667,193.55,2.0863460414111614,2322.6000000000004,Active
362,Tyrone Garcia,Silver,6,61.885,371.31,8.361933194100857,4455.72,Active
364,Tina Barnett,Silver,1,32.28,32.28,40.97335281223059,387.36,At Risk
374,Vincent Mathews,Silver,1,123.86,123.86,43.71895971056074,1486.32,At Risk
382,Kenneth Shields,Silver,3,114.27666666666669,342.83000000000004,7.641230046283454,4113.960000000001,Active
383,Scott Green,Silver,2,131.525,263.05,0.8842519675381482,3156.6000000000004,Active
385,Brian Hall,Silver,1,71.51,71.51,3.9917780440300703,858.1200000000001,Active
389,Stephanie Hernandez,Silver,2,40.66,81.32,5.107178772799671,975.8399999999999,Active
394,Darlene Webster,Silver,2,78.74,157.48,-0.09447603020817041,1889.7599999999998,Active
399,Robert Smith,Silver,4,38.585,154.34,7.581719282083213,1852.08,Active
400,Ethan Le,Silver,3,85.86666666666667,257.6,3.7198079861700535,3091.2000000000003,Active
403,Christina Hudson,Silver,1,77.07,77.07,39.544132407289,924.8399999999999,At Risk
414,Dale Evans,Silver,4,82.2675,329.07,5.958307129330933,3948.84,Active
415,Mario Pace,Silver,2,78.13499999999999,156.26999999999998,19.456836794037372,1875.2399999999998,Active
419,Michelle Mitchell,Silver,0,0.0,0.0,,0.0,Never Ordered
420,Christopher Robinson,Silver,3,37.95666666666667,113.87,13.646481550764292,1366.44,Active
421,Jeremy Harris,Silver,2,66.585,133.17,38.6355000808835,1598.04,At Risk
422,Darryl Richardson,Silver,3,64.69333333333333,194.07999999999998,11.046257303096354,2328.96,Active
426,Steven Mckee,Silver,4,84.71,338.84,6.743924617767334,4066.08,Active
432,Heather Hicks,Silver,4,27.0975,108.39,5.58364733774215,1300.68,Active
433,James Reed,Silver,4,105.005,420.02,-0.2013274421915412,5040.24,Active
436,Kimberly Tran,Silver,2,57.235,114.47,34.00893059000373,1373.6399999999999,At Risk
439,Juan Arnold,Silver,1,45.09,45.09,11.081688321661204,541.08,Active
448,Melissa Smith,Silver,1,77.7,77.7,3.527333981357515,932.4000000000001,Active
451,Anthony Mclaughlin,Silver,3,96.15333333333335,288.46000000000004,12.543308437336236,3461.5200000000004,Active
452,Andrea Le,Silver,7,50.58857142857143,354.12,6.7004962037317455,4249.4400000000005,Active
462,Audrey Torres,Silver,0,0.0,0.0,,0.0,Never Ordered
463,Laura Bender,Silver,3,41.18333333333333,123.55,8.698592789005488,1482.6,Active
464,Justin Moore,Silver,5,44.006,220.03,15.933277800679207,2640.36,Active
475,Brandi Patel,Silver,4,39.614999999999995,158.45999999999998,0.4810365969315171,1901.5199999999998,Active
478,Selena Bailey,Silver,4,82.89750000000001,331.59000000000003,34.08883296279237,3979.0800000000004,At Risk
480,Katherine Porter DVM,Silver,4,56.675,226.7,14.749986284412444,2720.3999999999996,Active
481,Brandon Sanchez,Silver,3,50.5,151.5,6.645435543730855,1818.0,Active
482,Daisy Garcia,Silver,4,36.9275,147.71,15.013816261198372,1772.52,Active
484,Roger Valencia,Silver,3,76.0,228.0,24.230742963030934,2736.0,Active
485,Shari Kelley,Silver,1,63.3,63.3,81.0925147915259,759.5999999999999,At Risk
492,Danielle Skinner,Silver,2,22.8,45.6,14.381027742754668,547.2,Active
497,Rodney Baker,Silver,2,53.165,106.33,20.61627298593521,1275.96,Active
