order_date,hour_of_day,day_of_week,order_count,daily_revenue,avg_order_value,unique_customers,avg_delivery_time
2025-02-26,12,3,1,120.71,120.71,1,23.0
2025-02-26,13,3,2,120.44,60.22,2,35.5
2025-02-26,21,3,1,44.09,44.09,1,20.0
2025-02-28,05,5,1,73.67,73.67,1,52.0
2025-02-28,12,5,1,107.16,107.16,1,49.0
2025-02-28,19,5,1,30.87,30.87,1,45.0
2025-02-28,21,5,1,121.88,121.88,1,52.0
2025-03-01,12,6,1,42.08,42.08,1,44.0
2025-03-01,21,6,1,71.02,71.02,1,43.0
2025-03-02,09,0,1,67.8,67.8,1,55.0
2025-03-02,13,0,1,26.39,26.39,1,47.0
2025-03-03,07,1,1,41.78,41.78,1,49.0
2025-03-03,13,1,1,204.67,204.67,1,42.0
2025-03-03,14,1,1,17.51,17.51,1,53.0
2025-03-03,21,1,1,31.73,31.73,1,35.0
2025-03-05,00,3,2,169.29000000000002,84.64500000000001,2,50.0
2025-03-05,18,3,4,191.03,47.7575,4,43.0
2025-03-06,12,4,1,28.36,28.36,1,39.0
2025-03-06,19,4,1,84.22,84.22,1,43.0
2025-03-07,06,5,1,105.27,105.27,1,49.0
2025-03-07,08,5,1,63.3,63.3,1,27.0
2025-03-07,13,5,1,105.2,105.2,1,27.0
2025-03-07,16,5,1,68.16,68.16,1,28.0
2025-03-07,21,5,1,89.61,89.61,1,46.0
2025-03-08,18,6,1,119.94,119.94,1,40.0
2025-03-08,20,6,1,75.68,75.68,1,46.0
2025-03-08,22,6,1,20.24,20.24,1,37.0
2025-03-09,06,0,1,55.42,55.42,1,27.0
2025-03-09,11,0,1,75.44,75.44,1,23.0
2025-03-09,13,0,2,187.67,93.835,2,44.5
2025-03-09,17,0,1,30.86,30.86,1,35.0
2025-03-09,19,0,1,33.56,33.56,1,28.0
2025-03-09,21,0,1,64.96,64.96,1,48.0
2025-03-10,00,1,1,64.46,64.46,1,26.0
2025-03-10,18,1,1,158.23,158.23,1,40.0
2025-03-11,01,2,1,17.47,17.47,1,48.0
2025-03-12,10,3,1,62.02,62.02,1,36.0
2025-03-12,18,3,1,61.27,61.27,1,57.0
2025-03-12,19,3,1,30.25,30.25,1,37.0
2025-03-13,13,4,1,22.85,22.85,1,35.0
2025-03-13,17,4,1,58.45,58.45,1,46.0
2025-03-13,20,4,1,58.3,58.3,1,46.0
2025-03-14,08,5,1,47.33,47.33,1,60.0
2025-03-14,11,5,1,55.29,55.29,1,21.0
2025-03-14,12,5,1,40.97,40.97,1,53.0
2025-03-14,14,5,1,37.82,37.82,1,46.0
2025-03-14,17,5,2,185.48,92.74,2,42.0
2025-03-15,03,6,1,53.97,53.97,1,26.0
2025-03-15,11,6,1,42.79,42.79,1,30.0
2025-03-15,16,6,1,49.56,49.56,1,35.0
2025-03-15,18,6,1,90.72,90.72,1,22.0
2025-03-15,20,6,1,101.03,101.03,1,47.0
2025-03-16,20,0,2,187.91000000000003,93.95500000000001,2,37.5
2025-03-17,01,1,1,34.11,34.11,1,50.0
2025-03-17,08,1,1,34.96,34.96,1,24.0
2025-03-17,11,1,1,56.25,56.25,1,38.0
2025-03-17,13,1,1,43.44,43.44,1,48.0
2025-03-18,04,2,1,140.17,140.17,1,29.0
2025-03-18,14,2,1,43.96,43.96,1,27.0
2025-03-18,18,2,1,16.59,16.59,1,49.0
2025-03-18,20,2,2,206.02,103.01,2,41.5
2025-03-19,12,3,1,171.41,171.41,1,38.0
2025-03-19,14,3,1,87.5,87.5,1,49.0
2025-03-19,17,3,3,341.37,113.79,3,47.0
2025-03-20,14,4,1,31.61,31.61,1,25.0
2025-03-20,18,4,1,138.24,138.24,1,42.0
2025-03-20,21,4,2,208.16,104.08,2,47.5
2025-03-21,10,5,1,87.6,87.6,1,37.0
2025-03-21,12,5,1,56.18,56.18,1,48.0
2025-03-21,18,5,1,17.7,17.7,1,50.0
2025-03-22,12,6,2,132.51999999999998,66.25999999999999,2,37.5
2025-03-22,16,6,1,113.43,113.43,1,24.0
2025-03-22,21,6,1,36.94,36.94,1,50.0
2025-03-23,01,0,1,95.32,95.32,1,38.0
2025-03-23,09,0,1,127.08,127.08,1,38.0
2025-03-23,12,0,1,20.72,20.72,1,25.0
2025-03-23,14,0,1,69.92,69.92,1,38.0
2025-03-23,15,0,1,91.05,91.05,1,23.0
2025-03-24,17,1,1,23.52,23.52,1,39.0
2025-03-24,19,1,1,64.65,64.65,1,39.0
2025-03-25,13,2,1,106.69,106.69,1,56.0
2025-03-26,08,3,1,95.84,95.84,1,29.0
2025-03-26,15,3,1,80.13,80.13,1,48.0
2025-03-26,17,3,1,87.87,87.87,1,54.0
2025-03-26,18,3,1,84.45,84.45,1,49.0
2025-03-26,22,3,1,103.83,103.83,1,25.0
2025-03-27,15,4,1,102.53,102.53,1,28.0
2025-03-27,19,4,2,211.41,105.705,2,28.0
2025-03-28,07,5,1,135.11,135.11,1,31.0
2025-03-28,09,5,1,57.05,57.05,1,20.0
2025-03-28,13,5,2,94.77,47.385,2,51.5
2025-03-28,19,5,1,113.59,113.59,1,37.0
2025-03-28,20,5,1,34.09,34.09,1,27.0
2025-03-29,07,6,1,100.6,100.6,1,48.0
2025-03-29,08,6,1,91.64,91.64,1,52.0
2025-03-29,15,6,1,103.75,103.75,1,23.0
2025-03-29,18,6,1,58.84,58.84,1,28.0
2025-03-30,10,0,1,47.84,47.84,1,54.0
2025-03-30,11,0,1,33.32,33.32,1,28.0
2025-03-30,12,0,1,31.2,31.2,1,40.0
2025-03-30,13,0,2,226.2,113.1,2,34.0
2025-03-30,18,0,1,19.85,19.85,1,47.0
2025-03-30,22,0,1,42.83,42.83,1,55.0
2025-03-31,07,1,1,49.7,49.7,1,31.0
2025-03-31,18,1,3,299.56,99.85333333333334,3,45.0
2025-03-31,19,1,1,53.92,53.92,1,46.0
2025-03-31,20,1,1,48.21,48.21,1,24.0
2025-04-01,08,2,1,89.83,89.83,1,51.0
2025-04-01,11,2,1,71.06,71.06,1,51.0
2025-04-01,13,2,1,62.16,62.16,1,50.0
2025-04-01,18,2,2,303.58000000000004,151.79000000000002,2,32.0
2025-04-01,19,2,1,17.4,17.4,1,29.0
2025-04-02,01,3,1,63.53,63.53,1,24.0
2025-04-02,14,3,1,45.02,45.02,1,46.0
2025-04-02,16,3,1,22.38,22.38,1,21.0
2025-04-02,20,3,1,34.42,34.42,1,44.0
2025-04-02,21,3,1,14.25,14.25,1,42.0
2025-04-03,07,4,1,141.17,141.17,1,20.0
2025-04-03,16,4,1,64.71,64.71,1,23.0
2025-04-03,17,4,1,97.84,97.84,1,28.0
2025-04-03,19,4,1,22.62,22.62,1,48.0
2025-04-03,20,4,1,117.62,117.62,1,33.0
2025-04-03,22,4,1,16.47,16.47,1,55.0
2025-04-04,09,5,1,71.21,71.21,1,59.0
2025-04-04,17,5,1,122.56,122.56,1,56.0
2025-04-04,18,5,1,40.2,40.2,1,43.0
2025-04-05,11,6,1,70.95,70.95,1,58.0
2025-04-05,12,6,1,64.97,64.97,1,28.0
2025-04-05,14,6,1,81.83,81.83,1,46.0
2025-04-05,16,6,1,22.99,22.99,1,45.0
2025-04-05,20,6,1,181.23,181.23,1,59.0
2025-04-06,07,0,1,129.95,129.95,1,45.0
2025-04-06,11,0,1,143.77,143.77,1,40.0
2025-04-06,14,0,1,117.39,117.39,1,47.0
2025-04-06,17,0,1,131.16,131.16,1,21.0
2025-04-06,18,0,1,94.91,94.91,1,26.0
2025-04-06,20,0,2,71.17,35.585,2,49.0
2025-04-06,23,0,1,65.21,65.21,1,22.0
2025-04-07,02,1,1,169.2,169.2,1,54.0
2025-04-07,10,1,1,102.16,102.16,1,59.0
2025-04-07,11,1,2,40.370000000000005,20.185000000000002,2,33.5
2025-04-07,14,1,1,154.56,154.56,1,31.0
2025-04-07,16,1,2,104.78999999999999,52.394999999999996,2,57.5
2025-04-07,17,1,1,61.87,61.87,1,20.0
2025-04-07,21,1,1,59.26,59.26,1,51.0
2025-04-07,22,1,1,75.01,75.01,1,25.0
2025-04-08,04,2,1,78.3,78.3,1,36.0
2025-04-08,07,2,1,35.31,35.31,1,37.0
2025-04-08,11,2,1,67.84,67.84,1,51.0
2025-04-08,12,2,1,94.48,94.48,1,39.0
2025-04-08,15,2,1,59.91,59.91,1,22.0
2025-04-08,17,2,1,74.67,74.67,1,50.0
2025-04-08,19,2,2,163.88,81.94,2,46.5
2025-04-08,20,2,2,53.42999999999999,26.714999999999996,2,40.0
2025-04-09,08,3,1,57.05,57.05,1,26.0
2025-04-09,13,3,1,78.87,78.87,1,47.0
2025-04-10,07,4,1,37.29,37.29,1,49.0
2025-04-10,08,4,1,56.85,56.85,1,45.0
2025-04-10,09,4,2,133.35,66.675,2,51.5
2025-04-10,10,4,1,81.7,81.7,1,29.0
2025-04-10,13,4,1,150.47,150.47,1,40.0
2025-04-10,15,4,1,100.13,100.13,1,43.0
2025-04-10,17,4,1,14.52,14.52,1,39.0
2025-04-10,18,4,2,61.27,30.635,2,36.5
2025-04-10,20,4,1,106.05,106.05,1,55.0
2025-04-10,21,4,1,18.46,18.46,1,47.0
2025-04-11,05,5,1,27.52,27.52,1,50.0
2025-04-11,07,5,2,132.85,66.425,2,22.0
2025-04-11,08,5,1,102.99,102.99,1,58.0
2025-04-11,10,5,2,201.73999999999998,100.86999999999999,2,44.5
2025-04-11,17,5,2,151.24,75.62,2,39.5
2025-04-11,18,5,2,148.87,74.435,2,38.0
2025-04-11,20,5,1,21.86,21.86,1,52.0
2025-04-11,21,5,1,23.61,23.61,1,39.0
2025-04-12,07,6,1,59.45,59.45,1,42.0
2025-04-12,09,6,1,129.14,129.14,1,57.0
2025-04-12,11,6,1,107.85,107.85,1,58.0
2025-04-12,12,6,1,53.53,53.53,1,28.0
2025-04-12,13,6,1,42.89,42.89,1,48.0
2025-04-12,16,6,1,15.84,15.84,1,37.0
2025-04-12,18,6,1,54.07,54.07,1,39.0
2025-04-12,19,6,1,48.14,48.14,1,58.0
2025-04-13,09,0,1,118.67,118.67,1,43.0
2025-04-13,10,0,1,126.35,126.35,1,30.0
2025-04-13,11,0,2,201.0,100.5,2,29.0
2025-04-13,12,0,3,295.28999999999996,98.42999999999999,3,36.666666666666664
2025-04-13,13,0,1,71.15,71.15,1,42.0
2025-04-13,17,0,1,123.86,123.86,1,22.0
2025-04-13,18,0,2,202.37,101.185,2,48.5
2025-04-13,21,0,1,144.85,144.85,1,22.0
2025-04-13,22,0,1,74.19,74.19,1,25.0
2025-04-14,03,1,1,133.13,133.13,1,60.0
2025-04-14,11,1,1,19.36,19.36,1,51.0
2025-04-14,13,1,1,46.96,46.96,1,23.0
2025-04-14,14,1,2,96.41,48.205,2,28.0
2025-04-14,17,1,3,118.78,39.593333333333334,3,31.666666666666668
2025-04-14,18,1,2,181.96,90.98,2,40.5
2025-04-14,20,1,1,85.34,85.34,1,24.0
2025-04-14,23,1,1,24.77,24.77,1,57.0
2025-04-15,05,2,1,27.13,27.13,1,34.0
2025-04-15,06,2,1,59.32,59.32,1,40.0
2025-04-15,07,2,1,80.11,80.11,1,39.0
2025-04-15,13,2,1,37.01,37.01,1,43.0
2025-04-15,14,2,1,28.21,28.21,1,37.0
2025-04-15,15,2,2,69.42,34.71,2,31.0
2025-04-15,16,2,2,74.22,37.11,2,37.0
2025-04-15,18,2,2,144.04000000000002,72.02000000000001,2,40.5
2025-04-15,19,2,1,84.75,84.75,1,43.0
2025-04-15,21,2,1,61.31,61.31,1,50.0
2025-04-16,11,3,2,81.78,40.89,2,35.5
2025-04-16,12,3,1,62.93,62.93,1,49.0
2025-04-16,18,3,1,54.64,54.64,1,46.0
2025-04-16,19,3,2,157.23,78.615,2,28.0
2025-04-16,20,3,1,31.88,31.88,1,58.0
2025-04-16,21,3,1,66.37,66.37,1,27.0
2025-04-16,23,3,1,86.69,86.69,1,56.0
2025-04-17,00,4,1,25.43,25.43,1,48.0
2025-04-17,09,4,1,46.29,46.29,1,21.0
2025-04-17,12,4,3,336.62,112.20666666666666,3,50.333333333333336
2025-04-17,13,4,1,64.87,64.87,1,22.0
2025-04-17,14,4,1,100.6,100.6,1,56.0
2025-04-17,18,4,1,18.54,18.54,1,48.0
2025-04-17,20,4,2,93.62,46.81,2,40.5
2025-04-17,21,4,1,77.07,77.07,1,31.0
2025-04-18,10,5,2,50.91,25.455,2,23.0
2025-04-18,11,5,1,15.58,15.58,1,60.0
2025-04-18,13,5,1,32.59,32.59,1,37.0
2025-04-18,14,5,1,63.43,63.43,1,43.0
2025-04-18,15,5,1,77.98,77.98,1,48.0
2025-04-18,16,5,1,34.26,34.26,1,59.0
2025-04-18,18,5,2,163.72,81.86,2,41.0
2025-04-18,19,5,3,192.28,64.09333333333333,3,38.333333333333336
2025-04-18,20,5,2,139.34,69.67,2,54.5
2025-04-18,21,5,1,134.05,134.05,1,25.0
2025-04-18,23,5,1,166.09,166.09,1,25.0
2025-04-19,10,6,1,65.99,65.99,1,51.0
2025-04-19,11,6,1,34.79,34.79,1,22.0
2025-04-19,14,6,1,72.84,72.84,1,29.0
2025-04-19,15,6,1,63.3,63.3,1,48.0
2025-04-19,16,6,1,79.24,79.24,1,59.0
2025-04-19,17,6,1,40.51,40.51,1,20.0
2025-04-19,18,6,3,269.24,89.74666666666667,3,31.666666666666668
2025-04-19,19,6,3,146.81,48.93666666666667,3,42.0
2025-04-19,20,6,3,255.66,85.22,3,37.333333333333336
2025-04-19,21,6,2,169.78,84.89,2,46.5
2025-04-20,09,0,2,104.73,52.365,2,29.0
2025-04-20,10,0,1,97.42,97.42,1,27.0
2025-04-20,11,0,1,45.28,45.28,1,53.0
2025-04-20,12,0,2,100.21000000000001,50.105000000000004,2,44.0
2025-04-20,13,0,1,29.15,29.15,1,37.0
2025-04-20,14,0,1,16.13,16.13,1,28.0
2025-04-20,17,0,2,165.25,82.625,2,32.0
2025-04-20,19,0,1,61.57,61.57,1,43.0
2025-04-21,06,1,1,117.25,117.25,1,50.0
2025-04-21,10,1,2,170.12,85.06,2,31.5
2025-04-21,12,1,1,18.45,18.45,1,33.0
2025-04-21,14,1,1,142.9,142.9,1,43.0
2025-04-21,17,1,1,29.47,29.47,1,35.0
2025-04-21,18,1,2,113.88,56.94,2,22.0
2025-04-21,19,1,5,248.05,49.61,5,35.0
2025-04-21,20,1,3,184.14999999999998,61.383333333333326,3,44.666666666666664
2025-04-22,10,2,1,165.11,165.11,1,38.0
2025-04-22,12,2,2,58.68,29.34,2,36.0
2025-04-22,13,2,2,179.59,89.795,2,54.0
2025-04-22,14,2,2,89.22,44.61,2,29.5
2025-04-22,16,2,1,60.85,60.85,1,45.0
2025-04-22,17,2,1,15.44,15.44,1,48.0
2025-04-22,18,2,4,248.92999999999998,62.232499999999995,4,29.25
2025-04-22,19,2,3,186.12,62.04,3,44.333333333333336
2025-04-22,20,2,1,124.22,124.22,1,27.0
2025-04-22,21,2,1,220.16,220.16,1,44.0
2025-04-23,00,3,1,33.42,33.42,1,42.0
2025-04-23,05,3,1,70.69,70.69,1,54.0
2025-04-23,07,3,1,21.96,21.96,1,27.0
2025-04-23,08,3,1,60.5,60.5,1,53.0
2025-04-23,10,3,1,49.26,49.26,1,34.0
2025-04-23,12,3,1,71.38,71.38,1,40.0
2025-04-23,13,3,2,75.49,37.745,2,41.0
2025-04-23,15,3,1,40.12,40.12,1,36.0
2025-04-23,17,3,1,91.19,91.19,1,40.0
2025-04-23,18,3,2,59.03999999999999,29.519999999999996,2,34.0
2025-04-23,19,3,3,280.61,93.53666666666668,3,29.333333333333332
2025-04-23,20,3,2,226.26,113.13,2,24.0
2025-04-23,21,3,2,101.41,50.705,2,48.5
2025-04-23,22,3,1,26.66,26.66,1,33.0
2025-04-24,07,4,1,111.94,111.94,1,21.0
2025-04-24,09,4,3,151.13,50.376666666666665,3,42.333333333333336
2025-04-24,10,4,1,130.67,130.67,1,58.0
2025-04-24,12,4,1,38.43,38.43,1,54.0
2025-04-24,14,4,1,110.83,110.83,1,26.0
2025-04-24,15,4,1,29.8,29.8,1,52.0
2025-04-24,16,4,1,16.05,16.05,1,58.0
2025-04-24,17,4,1,78.57,78.57,1,50.0
2025-04-24,18,4,2,178.06,89.03,2,41.0
2025-04-24,19,4,1,115.63,115.63,1,59.0
2025-04-25,05,5,1,23.25,23.25,1,46.0
2025-04-25,08,5,1,70.57,70.57,1,24.0
2025-04-25,11,5,1,21.81,21.81,1,36.0
2025-04-25,13,5,1,128.87,128.87,1,49.0
2025-04-25,18,5,2,112.09,56.045,2,40.0
2025-04-25,19,5,2,131.96,65.98,2,43.5
2025-04-25,21,5,2,59.94,29.97,2,59.0
2025-04-26,09,6,2,177.38,88.69,2,43.5
2025-04-26,10,6,1,13.75,13.75,1,21.0
2025-04-26,11,6,1,153.99,153.99,1,54.0
2025-04-26,13,6,1,22.49,22.49,1,21.0
2025-04-26,14,6,2,96.43,48.215,2,21.5
2025-04-26,16,6,2,220.05,110.025,2,46.5
2025-04-26,17,6,1,23.42,23.42,1,41.0
2025-04-26,19,6,3,107.6,35.86666666666667,3,47.666666666666664
2025-04-26,20,6,3,197.18,65.72666666666667,3,35.0
2025-04-26,21,6,2,220.44,110.22,2,41.0
2025-04-27,03,0,1,35.54,35.54,1,27.0
2025-04-27,05,0,1,77.96,77.96,1,29.0
2025-04-27,12,0,1,60.09,60.09,1,21.0
2025-04-27,13,0,2,177.98999999999998,88.99499999999999,2,55.5
2025-04-27,15,0,1,17.36,17.36,1,22.0
2025-04-27,16,0,1,62.86,62.86,1,34.0
2025-04-27,20,0,1,61.85,61.85,1,58.0
2025-04-27,21,0,1,124.81,124.81,1,45.0
2025-04-27,22,0,1,27.43,27.43,1,23.0
2025-04-28,03,1,1,120.15,120.15,1,58.0
2025-04-28,04,1,1,83.42,83.42,1,28.0
2025-04-28,06,1,1,27.65,27.65,1,40.0
2025-04-28,09,1,1,69.79,69.79,1,46.0
2025-04-28,11,1,2,150.18,75.09,2,34.5
2025-04-28,12,1,2,188.7,94.35,2,40.5
2025-04-28,15,1,2,48.92,24.46,2,43.5
2025-04-28,17,1,2,122.97,61.485,2,26.5
2025-04-28,20,1,1,15.19,15.19,1,60.0
2025-04-28,21,1,3,194.35,64.78333333333333,3,35.0
2025-04-28,22,1,1,89.77,89.77,1,30.0
2025-04-29,00,2,1,16.11,16.11,1,28.0
2025-04-29,07,2,1,16.72,16.72,1,55.0
2025-04-29,11,2,2,63.13,31.565,2,31.0
2025-04-29,12,2,3,269.25,89.75,3,42.0
2025-04-29,15,2,2,152.54999999999998,76.27499999999999,2,44.5
2025-04-29,16,2,2,88.50999999999999,44.254999999999995,2,29.5
2025-04-29,17,2,2,159.68,79.84,2,37.5
2025-04-29,18,2,4,446.63,111.6575,4,41.0
2025-04-29,20,2,2,85.52000000000001,42.760000000000005,2,41.0
2025-04-29,23,2,1,81.29,81.29,1,27.0
2025-04-30,03,3,1,14.09,14.09,1,42.0
2025-04-30,04,3,1,59.29,59.29,1,27.0
2025-04-30,09,3,1,56.0,56.0,1,23.0
2025-04-30,10,3,2,177.48,88.74,2,32.5
2025-04-30,11,3,3,215.05,71.68333333333334,3,48.666666666666664
2025-04-30,12,3,4,276.15000000000003,69.03750000000001,4,36.75
2025-04-30,14,3,2,117.16,58.58,2,33.5
2025-04-30,17,3,2,136.18,68.09,2,23.0
2025-04-30,19,3,2,148.82,74.41,2,48.0
2025-04-30,20,3,2,128.07,64.035,2,33.5
2025-05-01,02,4,1,58.02,58.02,1,48.0
2025-05-01,05,4,1,48.8,48.8,1,37.0
2025-05-01,07,4,1,27.17,27.17,1,34.0
2025-05-01,09,4,1,35.47,35.47,1,29.0
2025-05-01,10,4,3,356.59000000000003,118.86333333333334,3,45.666666666666664
2025-05-01,11,4,1,37.87,37.87,1,48.0
2025-05-01,12,4,1,51.2,51.2,1,51.0
2025-05-01,13,4,1,28.91,28.91,1,37.0
2025-05-01,15,4,1,75.21,75.21,1,54.0
2025-05-01,16,4,1,18.28,18.28,1,35.0
2025-05-01,17,4,2,107.00999999999999,53.504999999999995,2,39.5
2025-05-01,18,4,1,23.03,23.03,1,37.0
2025-05-01,19,4,3,116.09,38.696666666666665,3,48.0
2025-05-01,20,4,1,68.26,68.26,1,58.0
2025-05-01,21,4,4,259.16,64.79,4,33.5
2025-05-01,22,4,2,58.17,29.085,2,29.0
2025-05-01,23,4,1,27.56,27.56,1,57.0
2025-05-02,00,5,1,71.16,71.16,1,47.0
2025-05-02,11,5,2,250.17000000000002,125.08500000000001,2,36.0
2025-05-02,12,5,2,92.09,46.045,2,50.5
2025-05-02,13,5,2,116.47999999999999,58.239999999999995,2,36.5
2025-05-02,14,5,1,72.01,72.01,1,35.0
2025-05-02,15,5,2,188.33999999999997,94.16999999999999,2,47.0
2025-05-02,16,5,1,27.19,27.19,1,43.0
2025-05-02,17,5,3,326.86,108.95333333333333,3,37.666666666666664
2025-05-02,18,5,3,148.01,49.336666666666666,3,36.666666666666664
2025-05-02,19,5,3,336.94,112.31333333333333,3,38.666666666666664
2025-05-02,21,5,2,87.7,43.85,2,45.5
2025-05-02,22,5,1,81.04,81.04,1,59.0
2025-05-03,05,6,1,112.36,112.36,1,24.0
2025-05-03,06,6,1,119.55,119.55,1,59.0
2025-05-03,07,6,1,30.1,30.1,1,41.0
2025-05-03,09,6,1,55.91,55.91,1,35.0
2025-05-03,10,6,2,171.36,85.68,2,38.5
2025-05-03,11,6,2,53.93,26.965,2,38.5
2025-05-03,12,6,3,317.83,105.94333333333333,3,34.666666666666664
2025-05-03,15,6,2,201.23000000000002,100.61500000000001,2,38.5
2025-05-03,18,6,3,231.78000000000003,77.26,3,43.0
2025-05-03,20,6,1,134.77,134.77,1,47.0
2025-05-03,22,6,1,98.6,98.6,1,38.0
2025-05-03,23,6,2,150.42000000000002,75.21000000000001,2,42.5
2025-05-04,07,0,1,62.0,62.0,1,54.0
2025-05-04,08,0,1,84.65,84.65,1,40.0
2025-05-04,10,0,2,288.3,144.15,2,29.5
2025-05-04,12,0,2,173.10000000000002,86.55000000000001,2,55.0
2025-05-04,16,0,1,85.12,85.12,1,57.0
2025-05-04,17,0,1,48.85,48.85,1,32.0
2025-05-04,19,0,2,169.82,84.91,2,28.0
2025-05-04,20,0,4,135.62,33.905,4,41.0
2025-05-04,21,0,1,61.37,61.37,1,60.0
2025-05-04,23,0,1,88.47,88.47,1,52.0
2025-05-05,01,1,1,114.4,114.4,1,35.0
2025-05-05,04,1,1,72.53,72.53,1,20.0
2025-05-05,08,1,1,146.28,146.28,1,49.0
2025-05-05,10,1,2,177.93,88.965,2,35.0
2025-05-05,11,1,6,487.59000000000003,81.265,6,34.666666666666664
2025-05-05,13,1,1,147.12,147.12,1,48.0
2025-05-05,14,1,2,217.95,108.975,2,41.0
2025-05-05,16,1,2,200.39,100.195,2,36.0
2025-05-05,17,1,1,36.95,36.95,1,47.0
2025-05-05,18,1,4,219.32999999999998,54.832499999999996,4,39.75
2025-05-05,19,1,1,103.66,103.66,1,33.0
2025-05-05,20,1,1,53.52,53.52,1,54.0
2025-05-05,21,1,2,182.16,91.08,2,59.0
2025-05-05,23,1,1,65.26,65.26,1,46.0
2025-05-06,01,2,1,146.43,146.43,1,29.0
2025-05-06,02,2,1,49.48,49.48,1,33.0
2025-05-06,06,2,1,78.12,78.12,1,48.0
2025-05-06,09,2,1,41.61,41.61,1,55.0
2025-05-06,11,2,1,36.33,36.33,1,47.0
2025-05-06,14,2,2,146.23,73.115,2,30.0
2025-05-06,15,2,1,15.42,15.42,1,52.0
2025-05-06,16,2,1,85.3,85.3,1,33.0
2025-05-06,17,2,2,110.36,55.18,2,28.5
2025-05-06,19,2,3,152.91,50.97,3,37.333333333333336
2025-05-06,20,2,4,350.90999999999997,87.72749999999999,4,43.0
2025-05-06,23,2,1,82.51,82.51,1,40.0
2025-05-07,06,3,2,244.79000000000002,122.39500000000001,2,33.5
2025-05-07,07,3,1,36.84,36.84,1,50.0
2025-05-07,08,3,1,59.04,59.04,1,34.0
2025-05-07,09,3,2,235.40000000000003,117.70000000000002,2,29.0
2025-05-07,10,3,1,30.33,30.33,1,55.0
2025-05-07,11,3,1,56.46,56.46,1,41.0
2025-05-07,12,3,1,40.76,40.76,1,35.0
2025-05-07,15,3,3,179.2,59.73333333333333,3,34.0
2025-05-07,17,3,1,142.75,142.75,1,20.0
2025-05-07,18,3,2,242.59,121.295,2,33.0
2025-05-07,19,3,8,449.9,56.2375,8,37.125
2025-05-07,20,3,5,310.73,62.146,5,36.0
2025-05-07,21,3,1,16.68,16.68,1,21.0
2025-05-07,22,3,1,65.28,65.28,1,52.0
2025-05-07,23,3,1,88.11,88.11,1,42.0
2025-05-08,00,4,1,50.5,50.5,1,30.0
2025-05-08,08,4,1,23.37,23.37,1,39.0
2025-05-08,10,4,1,26.44,26.44,1,46.0
2025-05-08,11,4,2,124.69,62.345,2,35.5
2025-05-08,12,4,2,159.34,79.67,2,35.0
2025-05-08,13,4,1,124.8,124.8,1,49.0
2025-05-08,15,4,1,135.6,135.6,1,59.0
2025-05-08,16,4,2,148.42000000000002,74.21000000000001,2,35.0
2025-05-08,18,4,1,18.85,18.85,1,30.0
2025-05-08,19,4,2,145.26999999999998,72.63499999999999,2,41.5
2025-05-08,20,4,1,97.08,97.08,1,37.0
2025-05-08,21,4,1,46.91,46.91,1,27.0
2025-05-08,22,4,1,52.66,52.66,1,20.0
2025-05-09,07,5,1,61.88,61.88,1,20.0
2025-05-09,08,5,4,231.74,57.935,4,45.75
2025-05-09,09,5,1,40.18,40.18,1,51.0
2025-05-09,10,5,1,43.42,43.42,1,31.0
2025-05-09,11,5,3,305.4,101.8,3,47.0
2025-05-09,12,5,3,176.5,58.833333333333336,3,25.333333333333332
2025-05-09,13,5,1,93.16,93.16,1,30.0
2025-05-09,14,5,2,77.57,38.785,2,26.5
2025-05-09,15,5,1,23.78,23.78,1,43.0
2025-05-09,16,5,3,207.11,69.03666666666668,3,41.0
2025-05-09,17,5,3,238.91,79.63666666666667,3,34.666666666666664
2025-05-09,18,5,2,111.39,55.695,2,35.0
2025-05-09,19,5,4,326.26,81.565,4,35.5
2025-05-09,20,5,1,54.51,54.51,1,56.0
2025-05-09,21,5,1,59.47,59.47,1,20.0
2025-05-09,23,5,1,21.11,21.11,1,37.0
2025-05-10,06,6,1,41.74,41.74,1,53.0
2025-05-10,07,6,3,292.7,97.56666666666666,3,30.666666666666668
2025-05-10,10,6,1,122.42,122.42,1,26.0
2025-05-10,12,6,2,250.04000000000002,125.02000000000001,2,34.5
2025-05-10,14,6,2,147.5,73.75,2,36.5
2025-05-10,15,6,3,108.5,36.166666666666664,3,32.0
2025-05-10,16,6,3,212.76000000000002,70.92,3,47.0
2025-05-10,17,6,3,228.69,76.23,3,43.0
2025-05-10,18,6,2,113.53999999999999,56.769999999999996,2,34.5
2025-05-10,19,6,5,369.08,73.816,5,35.6
2025-05-10,20,6,5,298.9,59.779999999999994,5,34.4
2025-05-10,21,6,1,36.84,36.84,1,47.0
2025-05-10,22,6,1,49.69,49.69,1,60.0
2025-05-11,00,0,1,57.84,57.84,1,40.0
2025-05-11,01,0,1,57.48,57.48,1,47.0
2025-05-11,04,0,1,109.05,109.05,1,21.0
2025-05-11,06,0,1,50.38,50.38,1,28.0
2025-05-11,08,0,1,34.83,34.83,1,35.0
2025-05-11,10,0,5,273.93,54.786,5,33.0
2025-05-11,11,0,3,155.5,51.833333333333336,3,35.333333333333336
2025-05-11,12,0,2,55.980000000000004,27.990000000000002,2,35.0
2025-05-11,13,0,1,70.68,70.68,1,39.0
2025-05-11,14,0,2,95.44,47.72,2,54.5
2025-05-11,15,0,1,27.68,27.68,1,46.0
2025-05-11,17,0,1,25.56,25.56,1,58.0
2025-05-11,18,0,3,151.34,50.446666666666665,3,52.0
2025-05-11,19,0,5,364.31,72.862,5,33.8
2025-05-11,20,0,3,167.65,55.88333333333333,3,32.0
2025-05-12,00,1,1,57.85,57.85,1,28.0
2025-05-12,04,1,1,36.96,36.96,1,59.0
2025-05-12,06,1,1,93.28,93.28,1,24.0
2025-05-12,08,1,2,152.06,76.03,2,56.5
2025-05-12,10,1,2,102.75999999999999,51.379999999999995,2,43.0
2025-05-12,11,1,2,67.61,33.805,2,39.0
2025-05-12,12,1,2,128.76,64.38,2,43.0
2025-05-12,13,1,3,168.52,56.17333333333334,3,48.333333333333336
2025-05-12,14,1,2,73.63,36.815,2,38.0
2025-05-12,16,1,1,38.26,38.26,1,55.0
2025-05-12,17,1,1,29.38,29.38,1,20.0
2025-05-12,18,1,2,164.61,82.305,2,41.5
2025-05-12,20,1,2,95.10000000000001,47.550000000000004,2,59.0
2025-05-12,22,1,1,127.25,127.25,1,49.0
2025-05-13,01,2,1,18.17,18.17,1,53.0
2025-05-13,07,2,2,142.07,71.035,2,48.0
2025-05-13,10,2,1,74.84,74.84,1,48.0
2025-05-13,11,2,1,174.29,174.29,1,57.0
2025-05-13,12,2,2,55.269999999999996,27.634999999999998,2,34.0
2025-05-13,15,2,1,53.2,53.2,1,45.0
2025-05-13,16,2,1,188.22,188.22,1,31.0
2025-05-13,17,2,1,45.57,45.57,1,47.0
2025-05-13,18,2,1,28.77,28.77,1,31.0
2025-05-13,19,2,4,109.94999999999999,27.487499999999997,4,37.5
2025-05-13,20,2,2,186.85000000000002,93.42500000000001,2,24.5
2025-05-13,21,2,3,167.42,55.806666666666665,3,38.666666666666664
2025-05-13,22,2,1,27.25,27.25,1,43.0
2025-05-13,23,2,1,148.53,148.53,1,24.0
2025-05-14,01,3,1,108.26,108.26,1,45.0
2025-05-14,06,3,1,68.89,68.89,1,43.0
2025-05-14,08,3,2,186.51,93.255,2,30.0
2025-05-14,09,3,2,155.51,77.755,2,30.5
2025-05-14,10,3,2,187.01,93.505,2,34.5
2025-05-14,11,3,1,61.34,61.34,1,57.0
2025-05-14,12,3,2,121.84,60.92,2,29.5
2025-05-14,13,3,1,65.22,65.22,1,28.0
2025-05-14,14,3,1,18.51,18.51,1,46.0
2025-05-14,15,3,1,56.72,56.72,1,48.0
2025-05-14,16,3,1,70.94,70.94,1,27.0
2025-05-14,17,3,2,106.3,53.15,2,34.5
2025-05-14,18,3,2,81.35,40.675,2,45.0
2025-05-14,19,3,3,169.46,56.48666666666667,3,47.0
2025-05-14,20,3,1,118.15,118.15,1,26.0
2025-05-14,21,3,3,411.41,137.13666666666668,3,31.333333333333332
2025-05-14,22,3,3,223.29,74.42999999999999,3,33.0
2025-05-15,09,4,1,39.24,39.24,1,54.0
2025-05-15,10,4,2,111.56,55.78,2,37.5
2025-05-15,12,4,3,145.49,48.49666666666667,3,35.666666666666664
2025-05-15,13,4,2,126.48,63.24,2,30.0
2025-05-15,14,4,2,90.50999999999999,45.254999999999995,2,43.0
2025-05-15,15,4,3,73.35,24.45,3,47.0
2025-05-15,16,4,2,66.12,33.06,2,50.5
2025-05-15,17,4,1,53.91,53.91,1,23.0
2025-05-15,18,4,1,91.02,91.02,1,30.0
2025-05-15,19,4,5,198.54,39.708,5,44.6
2025-05-15,20,4,1,69.37,69.37,1,43.0
2025-05-15,21,4,1,71.01,71.01,1,26.0
2025-05-15,22,4,3,262.71000000000004,87.57000000000001,3,50.0
2025-05-16,03,5,1,82.28,82.28,1,49.0
2025-05-16,06,5,1,97.53,97.53,1,38.0
2025-05-16,07,5,1,44.14,44.14,1,20.0
2025-05-16,08,5,2,78.65,39.325,2,33.5
2025-05-16,09,5,2,86.91999999999999,43.459999999999994,2,41.5
2025-05-16,10,5,2,126.97,63.485,2,30.5
2025-05-16,11,5,2,76.2,38.1,2,51.5
2025-05-16,12,5,1,22.81,22.81,1,25.0
2025-05-16,13,5,3,194.87,64.95666666666666,3,33.0
2025-05-16,17,5,1,70.55,70.55,1,30.0
2025-05-16,18,5,3,141.97,47.32333333333333,3,48.666666666666664
2025-05-16,19,5,2,151.23000000000002,75.61500000000001,2,34.5
2025-05-16,20,5,1,75.09,75.09,1,20.0
2025-05-16,21,5,1,37.47,37.47,1,28.0
2025-05-16,23,5,1,23.55,23.55,1,20.0
2025-05-17,00,6,1,30.91,30.91,1,23.0
2025-05-17,06,6,1,59.87,59.87,1,24.0
2025-05-17,08,6,1,116.38,116.38,1,46.0
2025-05-17,10,6,4,223.65,55.9125,4,37.25
2025-05-17,11,6,2,59.78,29.89,2,30.0
2025-05-17,12,6,1,69.17,69.17,1,58.0
2025-05-17,14,6,2,175.94,87.97,2,30.5
2025-05-17,16,6,5,496.96,99.392,5,49.0
2025-05-17,17,6,2,91.81,45.905,2,42.5
2025-05-17,18,6,2,91.93,45.965,2,38.5
2025-05-17,19,6,3,127.16,42.38666666666666,3,33.333333333333336
2025-05-17,20,6,6,533.0600000000001,88.84333333333335,6,42.0
2025-05-17,23,6,1,66.35,66.35,1,36.0
2025-05-18,08,0,1,51.86,51.86,1,47.0
2025-05-18,10,0,1,82.8,82.8,1,52.0
2025-05-18,12,0,3,139.04,46.346666666666664,3,39.333333333333336
2025-05-18,13,0,2,136.06,68.03,2,52.5
2025-05-18,14,0,3,158.23,52.74333333333333,3,44.666666666666664
2025-05-18,16,0,1,27.41,27.41,1,54.0
2025-05-18,17,0,5,283.77,56.754,5,31.4
2025-05-18,18,0,4,289.18,72.295,4,46.75
2025-05-18,19,0,1,22.92,22.92,1,27.0
2025-05-18,21,0,2,170.76000000000002,85.38000000000001,2,55.0
2025-05-18,22,0,2,125.31,62.655,2,28.0
2025-05-19,01,1,1,101.41,101.41,1,48.0
2025-05-19,04,1,1,63.46,63.46,1,60.0
2025-05-19,06,1,1,27.62,27.62,1,56.0
2025-05-19,07,1,3,82.05,27.349999999999998,3,38.333333333333336
2025-05-19,08,1,1,116.55,116.55,1,53.0
2025-05-19,10,1,1,136.94,136.94,1,28.0
2025-05-19,11,1,3,296.42,98.80666666666667,3,39.0
2025-05-19,12,1,1,68.16,68.16,1,24.0
2025-05-19,13,1,1,31.56,31.56,1,57.0
2025-05-19,14,1,3,206.4,68.8,3,36.666666666666664
2025-05-19,15,1,1,42.24,42.24,1,54.0
2025-05-19,17,1,2,168.34,84.17,2,47.5
2025-05-19,18,1,4,248.4,62.1,4,48.25
2025-05-19,19,1,6,398.39,66.39833333333333,6,33.833333333333336
2025-05-19,20,1,6,403.02,67.17,6,41.333333333333336
2025-05-19,21,1,3,218.98000000000002,72.99333333333334,3,50.0
2025-05-19,23,1,2,161.01,80.505,2,38.0
2025-05-20,03,2,1,47.49,47.49,1,44.0
2025-05-20,09,2,2,189.71,94.855,2,38.5
2025-05-20,10,2,1,35.61,35.61,1,48.0
2025-05-20,11,2,3,143.73000000000002,47.910000000000004,3,35.333333333333336
2025-05-20,12,2,3,263.79,87.93,3,40.0
2025-05-20,13,2,1,47.4,47.4,1,28.0
2025-05-20,14,2,2,91.72,45.86,2,53.5
2025-05-20,15,2,1,31.88,31.88,1,33.0
2025-05-20,16,2,3,348.61,116.20333333333333,3,44.0
2025-05-20,17,2,4,317.74,79.435,4,44.5
2025-05-20,18,2,5,277.84000000000003,55.568000000000005,5,41.6
2025-05-20,19,2,7,724.1,103.44285714285715,7,38.0
2025-05-20,20,2,4,337.28000000000003,84.32000000000001,4,42.0
2025-05-20,21,2,1,29.18,29.18,1,33.0
2025-05-20,22,2,1,128.98,128.98,1,32.0
2025-05-20,23,2,3,234.14,78.04666666666667,3,48.0
2025-05-21,00,3,2,191.22,95.61,2,35.5
2025-05-21,06,3,3,326.74,108.91333333333334,3,31.333333333333332
2025-05-21,08,3,3,286.88,95.62666666666667,3,46.0
2025-05-21,10,3,2,76.6,38.3,2,48.0
2025-05-21,11,3,1,51.72,51.72,1,42.0
2025-05-21,12,3,1,71.71,71.71,1,24.0
2025-05-21,13,3,3,204.03,68.01,3,32.0
2025-05-21,14,3,3,218.66,72.88666666666667,3,41.0
2025-05-21,15,3,1,104.24,104.24,1,39.0
2025-05-21,16,3,1,98.97,98.97,1,53.0
2025-05-21,17,3,1,155.25,155.25,1,54.0
2025-05-21,18,3,3,218.82999999999998,72.94333333333333,3,32.333333333333336
2025-05-21,19,3,2,235.92,117.96,2,46.5
2025-05-21,20,3,3,187.95000000000002,62.650000000000006,3,38.333333333333336
2025-05-21,21,3,2,226.34,113.17,2,38.0
2025-05-21,23,3,2,135.86,67.93,2,47.5
2025-05-22,00,4,1,125.4,125.4,1,46.0
2025-05-22,02,4,2,150.25,75.125,2,35.5
2025-05-22,05,4,1,60.81,60.81,1,32.0
2025-05-22,06,4,1,34.34,34.34,1,28.0
2025-05-22,08,4,1,34.5,34.5,1,21.0
2025-05-22,09,4,1,96.96,96.96,1,21.0
2025-05-22,11,4,3,189.28,63.093333333333334,3,32.0
2025-05-22,12,4,1,127.07,127.07,1,43.0
2025-05-22,13,4,3,179.89000000000001,59.96333333333334,3,37.333333333333336
2025-05-22,14,4,3,319.8,106.60000000000001,3,32.0
2025-05-22,17,4,1,24.44,24.44,1,49.0
2025-05-22,18,4,3,243.32999999999998,81.11,3,30.333333333333332
2025-05-22,19,4,5,297.13,59.426,5,38.4
2025-05-22,20,4,4,310.86,77.715,4,28.75
2025-05-22,21,4,1,93.6,93.6,1,26.0
2025-05-22,22,4,1,60.03,60.03,1,28.0
2025-05-22,23,4,1,52.77,52.77,1,21.0
2025-05-23,04,5,2,120.85,60.425,2,46.0
2025-05-23,07,5,4,236.8,59.2,4,28.5
2025-05-23,08,5,1,106.34,106.34,1,36.0
2025-05-23,09,5,3,89.88,29.959999999999997,3,40.666666666666664
2025-05-23,10,5,2,105.25,52.625,2,37.0
2025-05-23,11,5,2,207.04,103.52,2,32.0
2025-05-23,12,5,3,141.64000000000001,47.21333333333334,3,45.666666666666664
2025-05-23,13,5,1,74.72,74.72,1,32.0
2025-05-23,14,5,1,117.57,117.57,1,21.0
2025-05-23,15,5,2,85.81,42.905,2,38.5
2025-05-23,16,5,1,117.78,117.78,1,54.0
2025-05-23,17,5,7,546.11,78.01571428571428,7,48.57142857142857
2025-05-23,19,5,3,160.17,53.38999999999999,3,50.333333333333336
2025-05-23,20,5,3,224.57999999999998,74.86,3,33.333333333333336
2025-05-23,21,5,1,101.83,101.83,1,53.0
2025-05-23,22,5,2,136.17000000000002,68.08500000000001,2,50.0
2025-05-24,00,6,2,128.33,64.165,2,49.0
2025-05-24,06,6,1,72.85,72.85,1,32.0
2025-05-24,08,6,1,76.46,76.46,1,20.0
2025-05-24,09,6,2,156.26,78.13,2,57.0
2025-05-24,10,6,3,165.96,55.32,3,42.333333333333336
2025-05-24,11,6,4,303.25,75.8125,4,41.25
2025-05-24,12,6,1,78.07,78.07,1,42.0
2025-05-24,13,6,4,262.49,65.6225,4,35.5
2025-05-24,14,6,1,19.86,19.86,1,58.0
2025-05-24,15,6,1,51.33,51.33,1,24.0
2025-05-24,16,6,2,129.20999999999998,64.60499999999999,2,35.5
2025-05-24,17,6,1,47.32,47.32,1,23.0
2025-05-24,19,6,4,299.96,74.99,4,34.25
2025-05-24,20,6,4,488.41999999999996,122.10499999999999,4,39.0
2025-05-24,21,6,2,79.65,39.825,2,30.0
2025-05-24,22,6,2,91.47999999999999,45.739999999999995,2,33.5
2025-05-25,06,0,1,106.11,106.11,1,24.0
2025-05-25,07,0,2,97.36,48.68,2,41.5
2025-05-25,08,0,2,164.7,82.35,2,44.0
2025-05-25,09,0,3,172.3,57.43333333333334,3,40.333333333333336
2025-05-25,10,0,2,122.0,61.0,2,49.0
2025-05-25,11,0,4,359.64,89.91,4,41.5
2025-05-25,12,0,2,135.61,67.805,2,39.0
2025-05-25,14,0,2,51.16,25.58,2,51.0
2025-05-25,16,0,3,289.7,96.56666666666666,3,42.666666666666664
2025-05-25,17,0,5,393.21,78.642,5,45.0
2025-05-25,18,0,2,195.03,97.515,2,33.0
2025-05-25,19,0,8,432.37,54.04625,8,43.625
2025-05-25,20,0,3,148.1,49.36666666666667,3,40.333333333333336
2025-05-25,21,0,3,339.94,113.31333333333333,3,37.666666666666664
2025-05-25,23,0,2,81.37,40.685,2,38.0
2025-05-26,01,1,1,90.47,90.47,1,46.0
2025-05-26,03,1,1,116.43,116.43,1,51.0
2025-05-26,05,1,1,106.04,106.04,1,57.0
2025-05-26,06,1,3,212.98,70.99333333333333,3,55.666666666666664
2025-05-26,07,1,1,65.83,65.83,1,27.0
2025-05-26,08,1,3,233.73,77.91,3,47.333333333333336
2025-05-26,10,1,2,102.07,51.035,2,42.0
2025-05-26,11,1,4,168.82,42.205,4,35.0
2025-05-26,12,1,5,342.78,68.556,5,28.0
2025-05-26,13,1,3,205.11,68.37,3,38.0
2025-05-26,15,1,1,73.11,73.11,1,43.0
2025-05-26,17,1,3,107.14,35.71333333333333,3,39.666666666666664
2025-05-26,18,1,4,260.03,65.0075,4,30.5
2025-05-26,19,1,4,349.32,87.33,4,43.25
2025-05-26,20,1,2,173.81,86.905,2,25.5
2025-05-26,21,1,2,165.41,82.705,2,35.0
2025-05-26,22,1,1,27.44,27.44,1,50.0
2025-05-26,23,1,3,189.6,63.199999999999996,3,50.0
2025-05-27,06,2,1,27.51,27.51,1,52.0
2025-05-27,09,2,1,46.92,46.92,1,21.0
2025-05-27,12,2,1,34.82,34.82,1,52.0
2025-05-27,13,2,1,123.75,123.75,1,30.0
2025-05-27,14,2,1,22.92,22.92,1,51.0
2025-05-27,15,2,2,132.2,66.1,2,43.0
2025-05-27,18,2,2,207.26,103.63,2,46.5
2025-05-27,20,2,1,14.02,14.02,1,37.0
2025-05-27,22,2,1,53.69,53.69,1,44.0
2025-05-27,23,2,1,37.59,37.59,1,29.0
